r, Channel 1
0, 0
0.01, 0.000536141
0.02, 0.00214365
0.03, 0.00482109
0.04, 0.00856614
0.05, 0.0133753
0.06, 0.0192436
0.07, 0.0261651
0.08, 0.0341328
0.09, 0.0431386
0.1, 0.0531736
0.11, 0.064228
0.12, 0.0762911
0.13, 0.0893511
0.14, 0.103395
0.15, 0.11841
0.16, 0.134381
0.17, 0.151292
0.18, 0.169127
0.19, 0.187867
0.2, 0.207495
0.21, 0.22799
0.22, 0.249332
0.23, 0.271501
0.24, 0.294473
0.25, 0.318227
0.26, 0.342739
0.27, 0.367985
0.28, 0.39394
0.29, 0.420579
0.3, 0.447875
0.31, 0.475801
0.32, 0.504332
0.33, 0.533438
0.34, 0.56309
0.35, 0.593261
0.36, 0.623919
0.37, 0.655035
0.38, 0.686579
0.39, 0.718519
0.4, 0.750823
0.41, 0.783459
0.42, 0.816396
0.43, 0.8496
0.44, 0.883039
0.45, 0.91668
0.46, 0.950489
0.47, 0.984432
0.48, 1.01848
0.49, 1.05259
0.5, 1.08674
0.51, 1.12089
0.52, 1.155
0.53, 1.18905
0.54, 1.223
0.55, 1.25681
0.56, 1.29046
0.57, 1.32391
0.58, 1.35712
0.59, 1.39008
0.6, 1.42273
0.61, 1.45505
0.62, 1.48702
0.63, 1.51859
0.64, 1.54973
0.65, 1.58043
0.66, 1.61063
0.67, 1.64033
0.68, 1.66948
0.69, 1.69805
0.7, 1.72603
0.71, 1.75338
0.72, 1.78007
0.73, 1.80608
0.74, 1.83138
0.75, 1.85595
0.76, 1.87976
0.77, 1.90279
0.78, 1.92501
0.79, 1.94642
0.8, 1.96697
0.81, 1.98666
0.82, 2.00546
0.83, 2.02335
0.84, 2.04033
0.85, 2.05636
0.86, 2.07144
0.87, 2.08555
0.88, 2.09868
0.89, 2.11081
0.9, 2.12193
0.91, 2.13204
0.92, 2.14111
0.93, 2.14915
0.94, 2.15614
0.95, 2.16208
0.96, 2.16696
0.97, 2.17078
0.98, 2.17353
0.99, 2.17521
1, 2.17582
1.01, 2.17536
1.02, 2.17383
1.03, 2.17123
1.04, 2.16757
1.05, 2.16284
1.06, 2.15705
1.07, 2.1502
1.08, 2.14231
1.09, 2.13339
1.1, 2.12343
1.11, 2.11245
1.12, 2.10046
1.13, 2.08747
1.14, 2.0735
1.15, 2.05855
1.16, 2.04265
1.17, 2.02581
1.18, 2.00804
1.19, 1.98936
1.2, 1.9698
1.21, 1.94936
1.22, 1.92808
1.23, 1.90597
1.24, 1.88305
1.25, 1.85935
1.26, 1.83488
1.27, 1.80968
1.28, 1.78377
1.29, 1.75718
1.3, 1.72992
1.31, 1.70203
1.32, 1.67353
1.33, 1.64446
1.34, 1.61484
1.35, 1.5847
1.36, 1.55408
1.37, 1.52299
1.38, 1.49147
1.39, 1.45956
1.4, 1.42728
1.41, 1.39467
1.42, 1.36176
1.43, 1.32858
1.44, 1.29516
1.45, 1.26153
1.46, 1.22774
1.47, 1.19381
1.48, 1.15977
1.49, 1.12566
1.5, 1.09152
1.51, 1.05737
1.52, 1.02326
1.53, 0.989203
1.54, 0.955247
1.55, 0.921422
1.56, 0.88776
1.57, 0.854296
1.58, 0.821062
1.59, 0.78809
1.6, 0.755414
1.61, 0.723065
1.62, 0.691075
1.63, 0.659476
1.64, 0.628299
1.65, 0.597574
1.66, 0.567332
1.67, 0.537603
1.68, 0.508416
1.69, 0.4798
1.7, 0.451783
1.71, 0.424393
1.72, 0.397657
1.73, 0.371601
1.74, 0.34625
1.75, 0.321631
1.76, 0.297767
1.77, 0.274681
1.78, 0.252397
1.79, 0.230937
1.8, 0.210321
1.81, 0.190571
1.82, 0.171705
1.83, 0.153742
1.84, 0.1367
1.85, 0.120595
1.86, 0.105444
1.87, 0.0912617
1.88, 0.0780615
1.89, 0.0658568
1.9, 0.0546595
1.91, 0.0444806
1.92, 0.03533
1.93, 0.0272169
1.94, 0.0201491
1.95, 0.0141336
1.96, 0.00917635
1.97, 0.00528211
1.98, 0.00245474
1.99, 0.00069698
2, 1.05567e-05
2.01, 0.000396123
2.02, 0.00185328
2.03, 0.00438059
2.04, 0.00797555
2.05, 0.0126346
2.06, 0.0183532
2.07, 0.0251257
2.08, 0.0329453
2.09, 0.0418046
2.1, 0.0516946
2.11, 0.0626058
2.12, 0.0745273
2.13, 0.0874475
2.14, 0.101354
2.15, 0.116232
2.16, 0.132068
2.17, 0.148846
2.18, 0.16655
2.19, 0.185162
2.2, 0.204664
2.21, 0.225036
2.22, 0.246259
2.23, 0.268312
2.24, 0.291172
2.25, 0.314819
2.26, 0.339227
2.27, 0.364374
2.28, 0.390234
2.29, 0.416781
2.3, 0.443991
2.31, 0.471835
2.32, 0.500287
2.33, 0.529318
2.34, 0.5589
2.35, 0.589003
2.36, 0.619598
2.37, 0.650655
2.38, 0.682142
2.39, 0.71403
2.4, 0.746285
2.41, 0.778878
2.42, 0.811774
2.43, 0.844943
2.44, 0.878351
2.45, 0.911965
2.46, 0.945752
2.47, 0.979679
2.48, 1.01371
2.49, 1.04782
2.5, 1.08196
2.51, 1.11611
2.52, 1.15024
2.53, 1.1843
2.54, 1.21826
2.55, 1.2521
2.56, 1.28577
2.57, 1.31925
2.58, 1.3525
2.59, 1.38549
2.6, 1.41818
2.61, 1.45055
2.62, 1.48256
2.63, 1.51418
2.64, 1.54539
2.65, 1.57614
2.66, 1.60641
2.67, 1.63617
2.68, 1.66539
2.69, 1.69404
2.7, 1.72209
2.71, 1.74952
2.72, 1.7763
2.73, 1.8024
2.74, 1.8278
2.75, 1.85246
2.76, 1.87638
2.77, 1.89952
2.78, 1.92186
2.79, 1.94338
2.8, 1.96405
2.81, 1.98386
2.82, 2.0028
2.83, 2.02083
2.84, 2.03794
2.85, 2.05411
2.86, 2.06934
2.87, 2.0836
2.88, 2.09687
2.89, 2.10916
2.9, 2.12043
2.91, 2.13069
2.92, 2.13993
2.93, 2.14812
2.94, 2.15527
2.95, 2.16137
2.96, 2.16641
2.97, 2.17039
2.98, 2.17331
2.99, 2.17515
3, 2.17592
3.01, 2.17562
3.02, 2.17424
3.03, 2.1718
3.04, 2.16828
3.05, 2.1637
3.06, 2.15806
3.07, 2.15137
3.08, 2.14362
3.09, 2.13484
3.1, 2.12502
3.11, 2.11418
3.12, 2.10233
3.13, 2.08948
3.14, 2.07564
3.15, 2.06082
3.16, 2.04505
3.17, 2.02833
3.18, 2.01069
3.19, 1.99214
3.2, 1.97269
3.21, 1.95238
3.22, 1.93121
3.23, 1.90921
3.24, 1.8864
3.25, 1.8628
3.26, 1.83844
3.27, 1.81334
3.28, 1.78753
3.29, 1.76103
3.3, 1.73386
3.31, 1.70606
3.32, 1.67765
3.33, 1.64866
3.34, 1.61912
3.35, 1.58906
3.36, 1.5585
3.37, 1.52748
3.38, 1.49603
3.39, 1.46418
3.4, 1.43195
3.41, 1.39939
3.42, 1.36652
3.43, 1.33338
3.44, 1.3
3.45, 1.26641
3.46, 1.23265
3.47, 1.19874
3.48, 1.16472
3.49, 1.13063
3.5, 1.0965
3.51, 1.06236
3.52, 1.02824
3.53, 0.994187
3.54, 0.960224
3.55, 0.926387
3.56, 0.892709
3.57, 0.859224
3.58, 0.825964
3.59, 0.792962
3.6, 0.76025
3.61, 0.727861
3.62, 0.695826
3.63, 0.664178
3.64, 0.632946
3.65, 0.602163
3.66, 0.571858
3.67, 0.54206
3.68, 0.5128
3.69, 0.484106
3.7, 0.456007
3.71, 0.428529
3.72, 0.401701
3.73, 0.375549
3.74, 0.350097
3.75, 0.325372
3.76, 0.301398
3.77, 0.278199
3.78, 0.255796
3.79, 0.234214
3.8, 0.213472
3.81, 0.193591
3.82, 0.174591
3.83, 0.156491
3.84, 0.139308
3.85, 0.123059
3.86, 0.107761
3.87, 0.0934286
3.88, 0.0800757
3.89, 0.0677158
3.9, 0.0563609
3.91, 0.0460223
3.92, 0.0367101
3.93, 0.0284335
3.94, 0.0212007
3.95, 0.0150188
3.96, 0.00989379
3.97, 0.0058308
3.98, 0.00283378
3.99, 0.000905646
4, 4.82676e-05
4.01, 0.000262454
4.02, 0.00154796
4.03, 0.00390347
4.04, 0.00732664
4.05, 0.0118141
4.06, 0.0173612
4.07, 0.0239627
4.08, 0.031612
4.09, 0.0403014
4.1, 0.0500225
4.11, 0.0607656
4.12, 0.0725202
4.13, 0.0852748
4.14, 0.0990166
4.15, 0.113732
4.16, 0.129408
4.17, 0.146027
4.18, 0.163574
4.19, 0.182032
4.2, 0.201383
4.21, 0.221607
4.22, 0.242685
4.23, 0.264597
4.24, 0.287322
4.25, 0.310836
4.26, 0.335118
4.27, 0.360143
4.28, 0.385888
4.29, 0.412328
4.3, 0.439437
4.31, 0.467188
4.32, 0.495556
4.33, 0.524513
4.34, 0.55403
4.35, 0.584081
4.36, 0.614635
4.37, 0.645663
4.38, 0.677137
4.39, 0.709025
4.4, 0.741297
4.41, 0.773923
4.42, 0.806871
4.43, 0.84011
4.44, 0.873609
4.45, 0.907335
4.46, 0.941258
4.47, 0.975344
4.48, 1.00956
4.49, 1.04388
4.5, 1.07826
4.51, 1.11268
4.52, 1.1471
4.53, 1.1815
4.54, 1.21583
4.55, 1.25007
4.56, 1.28418
4.57, 1.31814
4.58, 1.35191
4.59, 1.38546
4.6, 1.41876
4.61, 1.45178
4.62, 1.48449
4.63, 1.51686
4.64, 1.54887
4.65, 1.58048
4.66, 1.61166
4.67, 1.64239
4.68, 1.67264
4.69, 1.70238
4.7, 1.7316
4.71, 1.76025
4.72, 1.78833
4.73, 1.8158
4.74, 1.84264
4.75, 1.86883
4.76, 1.89436
4.77, 1.91919
4.78, 1.9433
4.79, 1.96669
4.8, 1.98933
4.81, 2.0112
4.82, 2.0323
4.83, 2.05259
4.84, 2.07207
4.85, 2.09073
4.86, 2.10856
4.87, 2.12553
4.88, 2.14164
4.89, 2.15689
4.9, 2.17126
4.91, 2.18475
4.92, 2.19734
4.93, 2.20904
4.94, 2.21984
4.95, 2.22974
4.96, 2.23873
4.97, 2.24681
4.98, 2.25399
4.99, 2.26026
5, 2.26562
5.01, 2.27008
5.02, 2.27364
5.03, 2.27631
5.04, 2.27808
5.05, 2.27897
5.06, 2.27899
5.07, 2.27813
5.08, 2.27641
5.09, 2.27384
5.1, 2.27043
5.11, 2.26619
5.12, 2.26114
5.13, 2.25527
5.14, 2.24861
5.15, 2.24117
5.16, 2.23297
5.17, 2.22401
5.18, 2.21432
5.19, 2.2039
5.2, 2.19279
5.21, 2.18098
5.22, 2.1685
5.23, 2.15538
5.24, 2.14161
5.25, 2.12723
5.26, 2.11225
5.27, 2.09668
5.28, 2.08056
5.29, 2.06389
5.3, 2.04669
5.31, 2.02899
5.32, 2.01081
5.33, 1.99216
5.34, 1.97306
5.35, 1.95353
5.36, 1.93359
5.37, 1.91326
5.38, 1.89256
5.39, 1.87151
5.4, 1.85013
5.41, 1.82843
5.42, 1.80643
5.43, 1.78416
5.44, 1.76162
5.45, 1.73885
5.46, 1.71585
5.47, 1.69264
5.48, 1.66924
5.49, 1.64568
5.5, 1.62195
5.51, 1.59808
5.52, 1.57409
5.53, 1.55
5.54, 1.5258
5.55, 1.50153
5.56, 1.4772
5.57, 1.45281
5.58, 1.42839
5.59, 1.40395
5.6, 1.3795
5.61, 1.35505
5.62, 1.33062
5.63, 1.30621
5.64, 1.28185
5.65, 1.25754
5.66, 1.23328
5.67, 1.20911
5.68, 1.18501
5.69, 1.16101
5.7, 1.13711
5.71, 1.11333
5.72, 1.08966
5.73, 1.06613
5.74, 1.04273
5.75, 1.01948
5.76, 0.996384
5.77, 0.97345
5.78, 0.950686
5.79, 0.928097
5.8, 0.905691
5.81, 0.883474
5.82, 0.861452
5.83, 0.839632
5.84, 0.818018
5.85, 0.796617
5.86, 0.775434
5.87, 0.754473
5.88, 0.73374
5.89, 0.713239
5.9, 0.692974
5.91, 0.67295
5.92, 0.653172
5.93, 0.633642
5.94, 0.614364
5.95, 0.595343
5.96, 0.576582
5.97, 0.558083
5.98, 0.539851
5.99, 0.521887
6, 0.504196
6.01, 0.486779
6.02, 0.46964
6.03, 0.452781
6.04, 0.436205
6.05, 0.419913
6.06, 0.403909
6.07, 0.388193
6.08, 0.372769
6.09, 0.357639
6.1, 0.342803
6.11, 0.328265
6.12, 0.314025
6.13, 0.300086
6.14, 0.286449
6.15, 0.273115
6.16, 0.260087
6.17, 0.247365
6.18, 0.234951
6.19, 0.222846
6.2, 0.211051
6.21, 0.199568
6.22, 0.188397
6.23, 0.17754
6.24, 0.166999
6.25, 0.156772
6.26, 0.146863
6.27, 0.137271
6.28, 0.127998
6.29, 0.119044
6.3, 0.11041
6.31, 0.102096
6.32, 0.0941046
6.33, 0.086435
6.34, 0.0790883
6.35, 0.0720649
6.36, 0.0653655
6.37, 0.0589905
6.38, 0.0529406
6.39, 0.047216
6.4, 0.0418173
6.41, 0.0367449
6.42, 0.0319991
6.43, 0.0275803
6.44, 0.0234888
6.45, 0.0197248
6.46, 0.0162888
6.47, 0.0131808
6.48, 0.0104011
6.49, 0.00794996
6.5, 0.00582744
6.51, 0.00403372
6.52, 0.00256892
6.53, 0.00143313
6.54, 0.00062641
6.55, 0.000148825
6.56, 3.96376e-07
6.57, 0.000181131
6.58, 0.000691014
6.59, 0.00153001
6.6, 0.00269806
6.61, 0.00419509
6.62, 0.00602101
6.63, 0.00817569
6.64, 0.010659
6.65, 0.0134708
6.66, 0.0166109
6.67, 0.0200791
6.68, 0.0238752
6.69, 0.0279989
6.7, 0.0324501
6.71, 0.0372283
6.72, 0.0423335
6.73, 0.0477652
6.74, 0.053523
6.75, 0.0596068
6.76, 0.0660161
6.77, 0.0727504
6.78, 0.0798095
6.79, 0.0871929
6.8, 0.0949001
6.81, 0.102931
6.82, 0.111284
6.83, 0.11996
6.84, 0.128958
6.85, 0.138277
6.86, 0.147917
6.87, 0.157877
6.88, 0.168157
6.89, 0.178756
6.9, 0.189673
6.91, 0.200908
6.92, 0.21246
6.93, 0.224329
6.94, 0.236513
6.95, 0.249012
6.96, 0.261825
6.97, 0.274951
6.98, 0.28839
6.99, 0.302141
7, 0.316203
7.01, 0.330575
7.02, 0.345257
7.03, 0.360246
7.04, 0.375544
7.05, 0.391148
7.06, 0.407057
7.07, 0.423271
7.08, 0.439789
7.09, 0.45661
7.1, 0.473732
7.11, 0.491155
7.12, 0.508878
7.13, 0.526899
7.14, 0.545218
7.15, 0.563833
7.16, 0.582743
7.17, 0.601948
7.18, 0.621446
7.19, 0.641235
7.2, 0.661316
7.21, 0.681686
7.22, 0.702344
7.23, 0.723289
7.24, 0.744521
7.25, 0.766037
7.26, 0.787836
7.27, 0.809917
7.28, 0.832279
7.29, 0.854921
7.3, 0.877841
7.31, 0.901038
7.32, 0.92451
7.33, 0.948256
7.34, 0.972275
7.35, 0.996565
7.36, 1.02113
7.37, 1.04595
7.38, 1.07105
7.39, 1.09641
7.4, 1.12204
7.41, 1.14793
7.42, 1.17408
7.43, 1.20048
7.44, 1.22715
7.45, 1.25408
7.46, 1.28126
7.47, 1.30869
7.48, 1.33637
7.49, 1.36431
7.5, 1.39249
7.51, 1.42092
7.52, 1.4496
7.53, 1.47852
7.54, 1.50768
7.55, 1.53708
7.56, 1.56672
7.57, 1.5966
7.58, 1.62671
7.59, 1.65706
7.6, 1.68763
7.61, 1.71844
7.62, 1.74948
7.63, 1.78074
7.64, 1.81222
7.65, 1.84393
7.66, 1.87586
7.67, 1.90801
7.68, 1.94037
7.69, 1.97295
7.7, 2.00575
7.71, 2.03875
7.72, 2.07196
7.73, 2.10539
7.74, 2.13901
7.75, 2.17284
7.76, 2.20687
7.77, 2.2411
7.78, 2.27553
7.79, 2.31015
7.8, 2.34496
7.81, 2.37997
7.82, 2.41516
7.83, 2.45054
7.84, 2.48611
7.85, 2.52186
7.86, 2.55779
7.87, 2.5939
7.88, 2.63018
7.89, 2.66664
7.9, 2.70327
7.91, 2.74007
7.92, 2.77703
7.93, 2.81417
7.94, 2.85146
7.95, 2.88892
7.96, 2.92653
7.97, 2.96431
7.98, 3.00223
7.99, 3.04031
8, 3.07854
8.01, 3.11692
8.02, 3.15544
8.03, 3.1941
8.04, 3.23291
8.05, 3.27185
8.06, 3.31093
8.07, 3.35015
8.08, 3.38949
8.09, 3.42897
8.1, 3.46857
8.11, 3.5083
8.12, 3.54815
8.13, 3.58813
8.14, 3.62822
8.15, 3.66842
8.16, 3.70874
8.17, 3.74917
8.18, 3.78971
8.19, 3.83035
8.2, 3.8711
8.21, 3.91196
8.22, 3.95291
8.23, 3.99395
8.24, 4.0351
8.25, 4.07633
8.26, 4.11765
8.27, 4.15907
8.28, 4.20056
8.29, 4.24214
8.3, 4.2838
8.31, 4.32554
8.32, 4.36735
8.33, 4.40924
8.34, 4.4512
8.35, 4.49322
8.36, 4.53531
8.37, 4.57747
8.38, 4.61968
8.39, 4.66195
8.4, 4.70428
8.41, 4.74666
8.42, 4.78909
8.43, 4.83157
8.44, 4.8741
8.45, 4.91667
8.46, 4.95928
8.47, 5.00193
8.48, 5.04461
8.49, 5.08733
8.5, 5.13008
8.51, 5.17286
8.52, 5.21566
8.53, 5.25848
8.54, 5.30133
8.55, 5.34419
8.56, 5.38707
8.57, 5.42996
8.58, 5.47286
8.59, 5.51577
8.6, 5.55868
8.61, 5.6016
8.62, 5.64452
8.63, 5.68743
8.64, 5.73034
8.65, 5.77324
8.66, 5.81613
8.67, 5.85901
8.68, 5.90187
8.69, 5.94472
8.7, 5.98754
8.71, 6.03035
8.72, 6.07312
8.73, 6.11587
8.74, 6.15859
8.75, 6.20128
8.76, 6.24393
8.77, 6.28654
8.78, 6.32911
8.79, 6.37164
8.8, 6.41412
8.81, 6.45656
8.82, 6.49895
8.83, 6.54128
8.84, 6.58356
8.85, 6.62578
8.86, 6.66794
8.87, 6.71003
8.88, 6.75207
8.89, 6.79403
8.9, 6.83592
8.91, 6.87775
8.92, 6.9195
8.93, 6.96117
8.94, 7.00276
8.95, 7.04427
8.96, 7.08569
8.97, 7.12703
8.98, 7.16828
8.99, 7.20944
9, 7.2505
9.01, 7.29147
9.02, 7.33234
9.03, 7.37311
9.04, 7.41378
9.05, 7.45434
9.06, 7.49479
9.07, 7.53513
9.08, 7.57536
9.09, 7.61548
9.1, 7.65547
9.11, 7.69535
9.12, 7.73511
9.13, 7.77474
9.14, 7.81425
9.15, 7.85362
9.16, 7.89287
9.17, 7.93198
9.18, 7.97096
9.19, 8.00979
9.2, 8.04849
9.21, 8.08705
9.22, 8.12546
9.23, 8.16372
9.24, 8.20183
9.25, 8.2398
9.26, 8.2776
9.27, 8.31525
9.28, 8.35275
9.29, 8.39008
9.3, 8.42725
9.31, 8.46425
9.32, 8.50109
9.33, 8.53776
9.34, 8.57425
9.35, 8.61057
9.36, 8.64672
9.37, 8.68268
9.38, 8.71847
9.39, 8.75407
9.4, 8.78949
9.41, 8.82472
9.42, 8.85976
9.43, 8.89461
9.44, 8.92927
9.45, 8.96373
9.46, 8.998
9.47, 9.03207
9.48, 9.06593
9.49, 9.09959
9.5, 9.13305
9.51, 9.1663
9.52, 9.19934
9.53, 9.23217
9.54, 9.26478
9.55, 9.29718
9.56, 9.32937
9.57, 9.36133
9.58, 9.39307
9.59, 9.4246
9.6, 9.45589
9.61, 9.48697
9.62, 9.51781
9.63, 9.54842
9.64, 9.57881
9.65, 9.60896
9.66, 9.63887
9.67, 9.66855
9.68, 9.69799
9.69, 9.72719
9.7, 9.75615
9.71, 9.78486
9.72, 9.81333
9.73, 9.84156
9.74, 9.86953
9.75, 9.89726
9.76, 9.92474
9.77, 9.95196
9.78, 9.97893
9.79, 10.0056
9.8, 10.0321
9.81, 10.0583
9.82, 10.0842
9.83, 10.1099
9.84, 10.1353
9.85, 10.1605
9.86, 10.1853
9.87, 10.2099
9.88, 10.2343
9.89, 10.2584
9.9, 10.2822
9.91, 10.3057
9.92, 10.3289
9.93, 10.3519
9.94, 10.3746
9.95, 10.397
9.96, 10.4192
9.97, 10.441
9.98, 10.4626
9.99, 10.4839
10, 10.5049
10.01, 10.5256
10.02, 10.546
10.03, 10.5662
10.04, 10.586
10.05, 10.6056
10.06, 10.6249
10.07, 10.6438
10.08, 10.6625
10.09, 10.6809
10.1, 10.699
10.11, 10.7168
10.12, 10.7342
10.13, 10.7514
10.14, 10.7683
10.15, 10.7849
10.16, 10.8012
10.17, 10.8171
10.18, 10.8328
10.19, 10.8481
10.2, 10.8632
10.21, 10.8779
10.22, 10.8924
10.23, 10.9065
10.24, 10.9203
10.25, 10.9338
10.26, 10.947
10.27, 10.9599
10.28, 10.9724
10.29, 10.9847
10.3, 10.9966
10.31, 11.0082
10.32, 11.0195
10.33, 11.0305
10.34, 11.0411
10.35, 11.0515
10.36, 11.0615
10.37, 11.0712
10.38, 11.0805
10.39, 11.0896
10.4, 11.0983
10.41, 11.1067
10.42, 11.1148
10.43, 11.1226
10.44, 11.13
10.45, 11.1372
10.46, 11.144
10.47, 11.1504
10.48, 11.1566
10.49, 11.1624
10.5, 11.1679
10.51, 11.1731
10.52, 11.1779
10.53, 11.1824
10.54, 11.1866
10.55, 11.1905
10.56, 11.194
10.57, 11.1973
10.58, 11.2001
10.59, 11.2027
10.6, 11.2049
10.61, 11.2068
10.62, 11.2084
10.63, 11.2097
10.64, 11.2106
10.65, 11.2112
10.66, 11.2114
10.67, 11.2114
10.68, 11.211
10.69, 11.2103
10.7, 11.2092
10.71, 11.2078
10.72, 11.2061
10.73, 11.2041
10.74, 11.2018
10.75, 11.1991
10.76, 11.1961
10.77, 11.1927
10.78, 11.189
10.79, 11.1851
10.8, 11.1807
10.81, 11.1761
10.82, 11.1711
10.83, 11.1658
10.84, 11.1602
10.85, 11.1542
10.86, 11.148
10.87, 11.1413
10.88, 11.1344
10.89, 11.1272
10.9, 11.1196
10.91, 11.1117
10.92, 11.1035
10.93, 11.0949
10.94, 11.0861
10.95, 11.0769
10.96, 11.0674
10.97, 11.0575
10.98, 11.0474
10.99, 11.0369
11, 11.0261
11.01, 11.015
11.02, 11.0036
11.03, 10.9918
11.04, 10.9798
11.05, 10.9674
11.06, 10.9547
11.07, 10.9417
11.08, 10.9284
11.09, 10.9148
11.1, 10.9008
11.11, 10.8866
11.12, 10.872
11.13, 10.8571
11.14, 10.842
11.15, 10.8265
11.16, 10.8107
11.17, 10.7946
11.18, 10.7782
11.19, 10.7615
11.2, 10.7445
11.21, 10.7272
11.22, 10.7096
11.23, 10.6917
11.24, 10.6735
11.25, 10.655
11.26, 10.6362
11.27, 10.6171
11.28, 10.5977
11.29, 10.5781
11.3, 10.5581
11.31, 10.5379
11.32, 10.5173
11.33, 10.4965
11.34, 10.4754
11.35, 10.454
11.36, 10.4323
11.37, 10.4103
11.38, 10.3881
11.39, 10.3656
11.4, 10.3428
11.41, 10.3197
11.42, 10.2963
11.43, 10.2727
11.44, 10.2488
11.45, 10.2246
11.46, 10.2002
11.47, 10.1755
11.48, 10.1505
11.49, 10.1253
11.5, 10.0997
11.51, 10.074
11.52, 10.0479
11.53, 10.0216
11.54, 9.99507
11.55, 9.96826
11.56, 9.94119
11.57, 9.91386
11.58, 9.88628
11.59, 9.85845
11.6, 9.83037
11.61, 9.80204
11.62, 9.77347
11.63, 9.74465
11.64, 9.71559
11.65, 9.68628
11.66, 9.65674
11.67, 9.62696
11.68, 9.59694
11.69, 9.56669
11.7, 9.53621
11.71, 9.50549
11.72, 9.47455
11.73, 9.44337
11.74, 9.41198
11.75, 9.38036
11.76, 9.34851
11.77, 9.31645
11.78, 9.28417
11.79, 9.25168
11.8, 9.21897
11.81, 9.18605
11.82, 9.15292
11.83, 9.11958
11.84, 9.08604
11.85, 9.05229
11.86, 9.01834
11.87, 8.9842
11.88, 8.94985
11.89, 8.91531
11.9, 8.88057
11.91, 8.84565
11.92, 8.81053
11.93, 8.77523
11.94, 8.73974
11.95, 8.70407
11.96, 8.66821
11.97, 8.63218
11.98, 8.59597
11.99, 8.55959
12, 8.52304
12.01, 8.48631
12.02, 8.44942
12.03, 8.41236
12.04, 8.37513
12.05, 8.33775
12.06, 8.3002
12.07, 8.2625
12.08, 8.22464
12.09, 8.18663
12.1, 8.14847
12.11, 8.11015
12.12, 8.0717
12.13, 8.03309
12.14, 7.99435
12.15, 7.95546
12.16, 7.91644
12.17, 7.87728
12.18, 7.83799
12.19, 7.79857
12.2, 7.75901
12.21, 7.71934
12.22, 7.67953
12.23, 7.63961
12.24, 7.59956
12.25, 7.5594
12.26, 7.51913
12.27, 7.47874
12.28, 7.43824
12.29, 7.39763
12.3, 7.35691
12.31, 7.3161
12.32, 7.27518
12.33, 7.23417
12.34, 7.19305
12.35, 7.15185
12.36, 7.11055
12.37, 7.06917
12.38, 7.0277
12.39, 6.98614
12.4, 6.94451
12.41, 6.90279
12.42, 6.861
12.43, 6.81914
12.44, 6.77721
12.45, 6.7352
12.46, 6.69313
12.47, 6.651
12.48, 6.60881
12.49, 6.56656
12.5, 6.52425
12.51, 6.48189
12.52, 6.43947
12.53, 6.39701
12.54, 6.35451
12.55, 6.31196
12.56, 6.26937
12.57, 6.22674
12.58, 6.18407
12.59, 6.14137
12.6, 6.09864
12.61, 6.05589
12.62, 6.0131
12.63, 5.9703
12.64, 5.92747
12.65, 5.88462
12.66, 5.84176
12.67, 5.79888
12.68, 5.756
12.69, 5.7131
12.7, 5.6702
12.71, 5.62729
12.72, 5.58439
12.73, 5.54148
12.74, 5.49858
12.75, 5.45569
12.76, 5.4128
12.77, 5.36992
12.78, 5.32706
12.79, 5.28421
12.8, 5.24139
12.81, 5.19858
12.82, 5.1558
12.83, 5.11304
12.84, 5.07031
12.85, 5.02761
12.86, 4.98494
12.87, 4.94232
12.88, 4.89972
12.89, 4.85717
12.9, 4.81467
12.91, 4.77221
12.92, 4.72979
12.93, 4.68743
12.94, 4.64513
12.95, 4.60287
12.96, 4.56068
12.97, 4.51855
12.98, 4.47648
12.99, 4.43448
13, 4.39254
13.01, 4.35068
13.02, 4.30889
13.03, 4.26718
13.04, 4.22554
13.05, 4.18399
13.06, 4.14252
13.07, 4.10114
13.08, 4.05984
13.09, 4.01864
13.1, 3.97753
13.11, 3.93652
13.12, 3.8956
13.13, 3.85478
13.14, 3.81407
13.15, 3.77347
13.16, 3.73297
13.17, 3.69258
13.18, 3.6523
13.19, 3.61214
13.2, 3.5721
13.21, 3.53217
13.22, 3.49237
13.23, 3.45269
13.24, 3.41314
13.25, 3.37371
13.26, 3.33442
13.27, 3.29526
13.28, 3.25623
13.29, 3.21734
13.3, 3.1786
13.31, 3.13999
13.32, 3.10153
13.33, 3.06321
13.34, 3.02504
13.35, 2.98703
13.36, 2.94917
13.37, 2.91146
13.38, 2.87391
13.39, 2.83652
13.4, 2.79929
13.41, 2.76222
13.42, 2.72532
13.43, 2.68859
13.44, 2.65203
13.45, 2.61565
13.46, 2.57943
13.47, 2.5434
13.48, 2.50754
13.49, 2.47187
13.5, 2.43638
13.51, 2.40107
13.52, 2.36596
13.53, 2.33103
13.54, 2.2963
13.55, 2.26176
13.56, 2.22741
13.57, 2.19327
13.58, 2.15932
13.59, 2.12558
13.6, 2.09204
13.61, 2.0587
13.62, 2.02558
13.63, 1.99267
13.64, 1.95996
13.65, 1.92748
13.66, 1.8952
13.67, 1.86315
13.68, 1.83131
13.69, 1.7997
13.7, 1.76831
13.71, 1.73714
13.72, 1.70621
13.73, 1.6755
13.74, 1.64502
13.75, 1.61477
13.76, 1.58475
13.77, 1.55497
13.78, 1.52543
13.79, 1.49613
13.8, 1.46707
13.81, 1.43825
13.82, 1.40967
13.83, 1.38134
13.84, 1.35326
13.85, 1.32542
13.86, 1.29784
13.87, 1.2705
13.88, 1.24343
13.89, 1.2166
13.9, 1.19004
13.91, 1.16373
13.92, 1.13768
13.93, 1.1119
13.94, 1.08637
13.95, 1.06112
13.96, 1.03612
13.97, 1.0114
13.98, 0.986947
13.99, 0.962764
14, 0.938854
14.01, 0.915217
14.02, 0.891855
14.03, 0.86877
14.04, 0.845963
14.05, 0.823435
14.06, 0.801188
14.07, 0.779222
14.08, 0.75754
14.09, 0.736141
14.1, 0.715029
14.11, 0.694203
14.12, 0.673665
14.13, 0.653415
14.14, 0.633457
14.15, 0.613789
14.16, 0.594414
14.17, 0.575332
14.18, 0.556544
14.19, 0.538053
14.2, 0.519858
14.21, 0.50196
14.22, 0.484362
14.23, 0.467063
14.24, 0.450065
14.25, 0.433369
14.26, 0.416976
14.27, 0.400887
14.28, 0.385103
14.29, 0.369624
14.3, 0.354452
14.31, 0.339588
14.32, 0.325033
14.33, 0.310787
14.34, 0.296852
14.35, 0.283228
14.36, 0.269916
14.37, 0.256916
14.38, 0.244231
14.39, 0.23186
14.4, 0.219804
14.41, 0.208064
14.42, 0.19664
14.43, 0.185534
14.44, 0.174745
14.45, 0.164274
14.46, 0.154123
14.47, 0.14429
14.48, 0.134778
14.49, 0.125586
14.5, 0.116715
14.51, 0.108166
14.52, 0.0999382
14.53, 0.0920331
14.54, 0.0844509
14.55, 0.0771921
14.56, 0.0702571
14.57, 0.0636464
14.58, 0.0573604
14.59, 0.0513995
14.6, 0.045764
14.61, 0.0404545
14.62, 0.0354711
14.63, 0.0308143
14.64, 0.0264843
14.65, 0.0224813
14.66, 0.0188057
14.67, 0.0154575
14.68, 0.0124369
14.69, 0.00974414
14.7, 0.00737928
14.71, 0.00534244
14.72, 0.00363372
14.73, 0.00225318
14.74, 0.00120092
14.75, 0.000476986
14.76, 8.14518e-05
14.77, 1.43676e-05
14.78, 0.000275772
14.79, 0.000865686
14.8, 0.0017841
14.81, 0.00303099
14.82, 0.00460626
14.83, 0.00650981
14.84, 0.00874146
14.85, 0.011301
14.86, 0.0141883
14.87, 0.0174031
14.88, 0.0209451
14.89, 0.0248141
14.9, 0.0290101
14.91, 0.0335329
14.92, 0.0383824
14.93, 0.0435586
14.94, 0.0490612
14.95, 0.0548897
14.96, 0.0610435
14.97, 0.0675216
14.98, 0.0743232
14.99, 0.0814482
15, 0.0888991
15.01, 0.0966725
15.02, 0.104769
15.03, 0.113187
15.04, 0.121928
15.05, 0.13099
15.06, 0.140372
15.07, 0.150075
15.08, 0.160097
15.09, 0.170439
15.1, 0.181099
15.11, 0.192077
15.12, 0.203372
15.13, 0.214984
15.14, 0.226912
15.15, 0.239155
15.16, 0.251712
15.17, 0.264583
15.18, 0.277767
15.19, 0.291263
15.2, 0.305071
15.21, 0.319189
15.22, 0.333617
15.23, 0.348354
15.24, 0.363399
15.25, 0.378751
15.26, 0.39441
15.27, 0.410373
15.28, 0.426642
15.29, 0.443213
15.3, 0.460088
15.31, 0.477263
15.32, 0.49474
15.33, 0.512516
15.34, 0.53059
15.35, 0.548961
15.36, 0.567629
15.37, 0.586593
15.38, 0.60585
15.39, 0.6254
15.4, 0.645242
15.41, 0.665375
15.42, 0.685797
15.43, 0.706508
15.44, 0.727505
15.45, 0.748789
15.46, 0.770357
15.47, 0.792209
15.48, 0.814342
15.49, 0.836756
15.5, 0.85945
15.51, 0.882422
15.52, 0.90567
15.53, 0.929195
15.54, 0.952993
15.55, 0.977063
15.56, 1.00141
15.57, 1.02602
15.58, 1.0509
15.59, 1.07604
15.6, 1.10146
15.61, 1.12713
15.62, 1.15307
15.63, 1.17927
15.64, 1.20573
15.65, 1.23245
15.66, 1.25942
15.67, 1.28665
15.68, 1.31413
15.69, 1.34186
15.7, 1.36984
15.71, 1.39807
15.72, 1.42655
15.73, 1.45527
15.74, 1.48424
15.75, 1.51345
15.76, 1.54289
15.77, 1.57258
15.78, 1.6025
15.79, 1.63265
15.8, 1.66304
15.81, 1.69366
15.82, 1.72451
15.83, 1.75559
15.84, 1.78689
15.85, 1.81841
15.86, 1.85016
15.87, 1.88213
15.88, 1.91431
15.89, 1.94671
15.9, 1.97933
15.91, 2.01216
15.92, 2.0452
15.93, 2.07845
15.94, 2.1119
15.95, 2.14556
15.96, 2.17942
15.97, 2.21349
15.98, 2.24775
15.99, 2.28221
16, 2.31686
16.01, 2.35171
16.02, 2.38674
16.03, 2.42197
16.04, 2.45738
16.05, 2.49298
16.06, 2.52876
16.07, 2.56472
16.08, 2.60085
16.09, 2.63717
16.1, 2.67365
16.11, 2.71031
16.12, 2.74714
16.13, 2.78414
16.14, 2.8213
16.15, 2.85863
16.16, 2.89611
16.17, 2.93376
16.18, 2.97156
16.19, 3.00951
16.2, 3.04762
16.21, 3.08588
16.22, 3.12428
16.23, 3.16283
16.24, 3.20153
16.25, 3.24036
16.26, 3.27934
16.27, 3.31845
16.28, 3.35769
16.29, 3.39707
16.3, 3.43657
16.31, 3.4762
16.32, 3.51596
16.33, 3.55584
16.34, 3.59584
16.35, 3.63596
16.36, 3.67619
16.37, 3.71653
16.38, 3.75699
16.39, 3.79755
16.4, 3.83823
16.41, 3.879
16.42, 3.91988
16.43, 3.96085
16.44, 4.00192
16.45, 4.04309
16.46, 4.08434
16.47, 4.12569
16.48, 4.16712
16.49, 4.20864
16.5, 4.25023
16.51, 4.29191
16.52, 4.33367
16.53, 4.3755
16.54, 4.4174
16.55, 4.45937
16.56, 4.50141
16.57, 4.54351
16.58, 4.58568
16.59, 4.6279
16.6, 4.67018
16.61, 4.71252
16.62, 4.75491
16.63, 4.79735
16.64, 4.83984
16.65, 4.88237
16.66, 4.92494
16.67, 4.96756
16.68, 5.01021
16.69, 5.05289
16.7, 5.09561
16.71, 5.13836
16.72, 5.18114
16.73, 5.22394
16.74, 5.26676
16.75, 5.3096
16.76, 5.35247
16.77, 5.39534
16.78, 5.43823
16.79, 5.48113
16.8, 5.52403
16.81, 5.56694
16.82, 5.60985
16.83, 5.65276
16.84, 5.69567
16.85, 5.73858
16.86, 5.78147
16.87, 5.82436
16.88, 5.86723
16.89, 5.91009
16.9, 5.95293
16.91, 5.99575
16.92, 6.03855
16.93, 6.08132
16.94, 6.12406
16.95, 6.16677
16.96, 6.20945
16.97, 6.2521
16.98, 6.29471
16.99, 6.33727
17, 6.3798
17.01, 6.42228
17.02, 6.46471
17.03, 6.50709
17.04, 6.54941
17.05, 6.59169
17.06, 6.6339
17.07, 6.67605
17.08, 6.71815
17.09, 6.76017
17.1, 6.80213
17.11, 6.84402
17.12, 6.88584
17.13, 6.92758
17.14, 6.96924
17.15, 7.01083
17.16, 7.05233
17.17, 7.09374
17.18, 7.13507
17.19, 7.17631
17.2, 7.21746
17.21, 7.25852
17.22, 7.29947
17.23, 7.34033
17.24, 7.38109
17.25, 7.42174
17.26, 7.46228
17.27, 7.50272
17.28, 7.54305
17.29, 7.58326
17.3, 7.62335
17.31, 7.66333
17.32, 7.70319
17.33, 7.74292
17.34, 7.78253
17.35, 7.82202
17.36, 7.86137
17.37, 7.90059
17.38, 7.93967
17.39, 7.97862
17.4, 8.01743
17.41, 8.0561
17.42, 8.09462
17.43, 8.133
17.44, 8.17123
17.45, 8.20932
17.46, 8.24724
17.47, 8.28502
17.48, 8.32263
17.49, 8.36009
17.5, 8.39739
17.51, 8.43452
17.52, 8.47148
17.53, 8.50828
17.54, 8.54491
17.55, 8.58137
17.56, 8.61765
17.57, 8.65376
17.58, 8.68968
17.59, 8.72543
17.6, 8.76099
17.61, 8.79637
17.62, 8.83156
17.63, 8.86657
17.64, 8.90138
17.65, 8.936
17.66, 8.97042
17.67, 9.00465
17.68, 9.03867
17.69, 9.0725
17.7, 9.10612
17.71, 9.13954
17.72, 9.17275
17.73, 9.20575
17.74, 9.23854
17.75, 9.27112
17.76, 9.30348
17.77, 9.33563
17.78, 9.36756
17.79, 9.39927
17.8, 9.43075
17.81, 9.46201
17.82, 9.49305
17.83, 9.52386
17.84, 9.55443
17.85, 9.58478
17.86, 9.61489
17.87, 9.64477
17.88, 9.67441
17.89, 9.70382
17.9, 9.73298
17.91, 9.7619
17.92, 9.79058
17.93, 9.81901
17.94, 9.8472
17.95, 9.87514
17.96, 9.90283
17.97, 9.93026
17.98, 9.95744
17.99, 9.98437
18, 10.011
18.01, 10.0375
18.02, 10.0636
18.03, 10.0895
18.04, 10.1151
18.05, 10.1405
18.06, 10.1656
18.07, 10.1904
18.08, 10.215
18.09, 10.2393
18.1, 10.2633
18.11, 10.2871
18.12, 10.3105
18.13, 10.3337
18.14, 10.3566
18.15, 10.3793
18.16, 10.4017
18.17, 10.4237
18.18, 10.4455
18.19, 10.4671
18.2, 10.4883
18.21, 10.5092
18.22, 10.5299
18.23, 10.5503
18.24, 10.5703
18.25, 10.5901
18.26, 10.6096
18.27, 10.6288
18.28, 10.6477
18.29, 10.6664
18.3, 10.6847
18.31, 10.7027
18.32, 10.7204
18.33, 10.7378
18.34, 10.755
18.35, 10.7718
18.36, 10.7883
18.37, 10.8045
18.38, 10.8204
18.39, 10.836
18.4, 10.8513
18.41, 10.8663
18.42, 10.881
18.43, 10.8954
18.44, 10.9094
18.45, 10.9232
18.46, 10.9366
18.47, 10.9498
18.48, 10.9626
18.49, 10.9751
18.5, 10.9873
18.51, 10.9991
18.52, 11.0107
18.53, 11.0219
18.54, 11.0328
18.55, 11.0434
18.56, 11.0537
18.57, 11.0637
18.58, 11.0733
18.59, 11.0827
18.6, 11.0917
18.61, 11.1004
18.62, 11.1087
18.63, 11.1168
18.64, 11.1245
18.65, 11.1319
18.66, 11.1389
18.67, 11.1457
18.68, 11.1521
18.69, 11.1582
18.7, 11.164
18.71, 11.1694
18.72, 11.1745
18.73, 11.1793
18.74, 11.1838
18.75, 11.1879
18.76, 11.1917
18.77, 11.1952
18.78, 11.1984
18.79, 11.2012
18.8, 11.2037
18.81, 11.2059
18.82, 11.2077
18.83, 11.2092
18.84, 11.2104
18.85, 11.2113
18.86, 11.2118
18.87, 11.212
18.88, 11.2119
18.89, 11.2114
18.9, 11.2106
18.91, 11.2095
18.92, 11.2081
18.93, 11.2063
18.94, 11.2042
18.95, 11.2018
18.96, 11.1991
18.97, 11.196
18.98, 11.1926
18.99, 11.1888
19, 11.1848
19.01, 11.1804
19.02, 11.1757
19.03, 11.1706
19.04, 11.1653
19.05, 11.1596
19.06, 11.1535
19.07, 11.1472
19.08, 11.1405
19.09, 11.1335
19.1, 11.1262
19.11, 11.1186
19.12, 11.1106
19.13, 11.1023
19.14, 11.0937
19.15, 11.0848
19.16, 11.0755
19.17, 11.066
19.18, 11.0561
19.19, 11.0459
19.2, 11.0353
19.21, 11.0245
19.22, 11.0133
19.23, 11.0019
19.24, 10.9901
19.25, 10.9779
19.26, 10.9655
19.27, 10.9528
19.28, 10.9397
19.29, 10.9264
19.3, 10.9127
19.31, 10.8987
19.32, 10.8844
19.33, 10.8698
19.34, 10.8549
19.35, 10.8396
19.36, 10.8241
19.37, 10.8083
19.38, 10.7921
19.39, 10.7757
19.4, 10.7589
19.41, 10.7419
19.42, 10.7245
19.43, 10.7069
19.44, 10.6889
19.45, 10.6707
19.46, 10.6521
19.47, 10.6333
19.48, 10.6141
19.49, 10.5947
19.5, 10.575
19.51, 10.555
19.52, 10.5347
19.53, 10.5141
19.54, 10.4932
19.55, 10.472
19.56, 10.4506
19.57, 10.4289
19.58, 10.4068
19.59, 10.3845
19.6, 10.362
19.61, 10.3391
19.62, 10.316
19.63, 10.2926
19.64, 10.2689
19.65, 10.2449
19.66, 10.2207
19.67, 10.1962
19.68, 10.1714
19.69, 10.1464
19.7, 10.1211
19.71, 10.0955
19.72, 10.0697
19.73, 10.0436
19.74, 10.0172
19.75, 9.99062
19.76, 9.96375
19.77, 9.93663
19.78, 9.90925
19.79, 9.88162
19.8, 9.85374
19.81, 9.82562
19.82, 9.79724
19.83, 9.76862
19.84, 9.73975
19.85, 9.71065
19.86, 9.6813
19.87, 9.65171
19.88, 9.62189
19.89, 9.59183
19.9, 9.56154
19.91, 9.53101
19.92, 9.50026
19.93, 9.46928
19.94, 9.43807
19.95, 9.40663
19.96, 9.37498
19.97, 9.3431
19.98, 9.31101
19.99, 9.27869
20, 9.24617
20.01, 9.21342
20.02, 9.18047
20.03, 9.14731
20.04, 9.11394
20.05, 9.08036
20.06, 9.04659
20.07, 9.01261
20.08, 8.97843
20.09, 8.94405
20.1, 8.90947
20.11, 8.87471
20.12, 8.83975
20.13, 8.8046
20.14, 8.76927
20.15, 8.73375
20.16, 8.69804
20.17, 8.66216
20.18, 8.62609
20.19, 8.58985
20.2, 8.55344
20.21, 8.51685
20.22, 8.48009
20.23, 8.44316
20.24, 8.40607
20.25, 8.36881
20.26, 8.33139
20.27, 8.29381
20.28, 8.25607
20.29, 8.21818
20.3, 8.18014
20.31, 8.14194
20.32, 8.1036
20.33, 8.0651
20.34, 8.02647
20.35, 7.98769
20.36, 7.94878
20.37, 7.90972
20.38, 7.87053
20.39, 7.83121
20.4, 7.79176
20.41, 7.75218
20.42, 7.71247
20.43, 7.67265
20.44, 7.6327
20.45, 7.59263
20.46, 7.55244
20.47, 7.51214
20.48, 7.47173
20.49, 7.43121
20.5, 7.39058
20.51, 7.34985
20.52, 7.30902
20.53, 7.26808
20.54, 7.22705
20.55, 7.18593
20.56, 7.14471
20.57, 7.1034
20.58, 7.062
20.59, 7.02052
20.6, 6.97895
20.61, 6.93731
20.62, 6.89559
20.63, 6.85379
20.64, 6.81192
20.65, 6.76997
20.66, 6.72796
20.67, 6.68588
20.68, 6.64374
20.69, 6.60154
20.7, 6.55929
20.71, 6.51697
20.72, 6.4746
20.73, 6.43218
20.74, 6.38972
20.75, 6.3472
20.76, 6.30464
20.77, 6.26205
20.78, 6.21941
20.79, 6.17674
20.8, 6.13403
20.81, 6.0913
20.82, 6.04853
20.83, 6.00574
20.84, 5.96293
20.85, 5.92009
20.86, 5.87724
20.87, 5.83437
20.88, 5.79148
20.89, 5.74859
20.9, 5.70569
20.91, 5.66278
20.92, 5.61987
20.93, 5.57696
20.94, 5.53405
20.95, 5.49114
20.96, 5.44824
20.97, 5.40535
20.98, 5.36247
20.99, 5.31961
21, 5.27676
21.01, 5.23393
21.02, 5.19112
21.03, 5.14834
21.04, 5.10559
21.05, 5.06286
21.06, 5.02017
21.07, 4.97751
21.08, 4.93488
21.09, 4.8923
21.1, 4.84976
21.11, 4.80726
21.12, 4.76481
21.13, 4.72241
21.14, 4.68006
21.15, 4.63776
21.16, 4.59553
21.17, 4.55335
21.18, 4.51123
21.19, 4.46917
21.2, 4.42719
21.21, 4.38527
21.22, 4.34342
21.23, 4.30165
21.24, 4.25995
21.25, 4.21834
21.26, 4.1768
21.27, 4.13535
21.28, 4.09398
21.29, 4.05271
21.3, 4.01152
21.31, 3.97043
21.32, 3.92943
21.33, 3.88853
21.34, 3.84773
21.35, 3.80704
21.36, 3.76645
21.37, 3.72597
21.38, 3.68559
21.39, 3.64534
21.4, 3.60519
21.41, 3.56516
21.42, 3.52526
21.43, 3.48547
21.44, 3.44581
21.45, 3.40627
21.46, 3.36687
21.47, 3.32759
21.48, 3.28845
21.49, 3.24945
21.5, 3.21058
21.51, 3.17185
21.52, 3.13327
21.53, 3.09483
21.54, 3.05654
21.55, 3.01839
21.56, 2.9804
21.57, 2.94256
21.58, 2.90488
21.59, 2.86736
21.6, 2.83
21.61, 2.7928
21.62, 2.75576
21.63, 2.71889
21.64, 2.68219
21.65, 2.64567
21.66, 2.60931
21.67, 2.57313
21.68, 2.53713
21.69, 2.50131
21.7, 2.46567
21.71, 2.43022
21.72, 2.39495
21.73, 2.35987
21.74, 2.32498
21.75, 2.29028
21.76, 2.25577
21.77, 2.22147
21.78, 2.18736
21.79, 2.15345
21.8, 2.11974
21.81, 2.08624
21.82, 2.05294
21.83, 2.01985
21.84, 1.98697
21.85, 1.95431
21.86, 1.92186
21.87, 1.88962
21.88, 1.8576
21.89, 1.8258
21.9, 1.79423
21.91, 1.76287
21.92, 1.73174
21.93, 1.70084
21.94, 1.67017
21.95, 1.63973
21.96, 1.60952
21.97, 1.57954
21.98, 1.5498
21.99, 1.5203
22, 1.49103
22.01, 1.46201
22.02, 1.43323
22.03, 1.4047
22.04, 1.37641
22.05, 1.34837
22.06, 1.32058
22.07, 1.29304
22.08, 1.26575
22.09, 1.23872
22.1, 1.21194
22.11, 1.18542
22.12, 1.15916
22.13, 1.13316
22.14, 1.10743
22.15, 1.08195
22.16, 1.05674
22.17, 1.0318
22.18, 1.00713
22.19, 0.982721
22.2, 0.958586
22.21, 0.934725
22.22, 0.911136
22.23, 0.887823
22.24, 0.864787
22.25, 0.842028
22.26, 0.819548
22.27, 0.797349
22.28, 0.775432
22.29, 0.753798
22.3, 0.732448
22.31, 0.711383
22.32, 0.690605
22.33, 0.670116
22.34, 0.649915
22.35, 0.630005
22.36, 0.610387
22.37, 0.591061
22.38, 0.572029
22.39, 0.553292
22.4, 0.534851
22.41, 0.516707
22.42, 0.498862
22.43, 0.481316
22.44, 0.46407
22.45, 0.447125
22.46, 0.430482
22.47, 0.414143
22.48, 0.398108
22.49, 0.382378
22.5, 0.366955
22.51, 0.351838
22.52, 0.337029
22.53, 0.322529
22.54, 0.308338
22.55, 0.294458
22.56, 0.280889
22.57, 0.267632
22.58, 0.254688
22.59, 0.242057
22.6, 0.229741
22.61, 0.21774
22.62, 0.206054
22.63, 0.194685
22.64, 0.183633
22.65, 0.172899
22.66, 0.162483
22.67, 0.152386
22.68, 0.142608
22.69, 0.133151
22.7, 0.124014
22.71, 0.115199
22.72, 0.106705
22.73, 0.0985333
22.74, 0.0906845
22.75, 0.0831589
22.76, 0.0759569
22.77, 0.0690789
22.78, 0.0625253
22.79, 0.0562965
22.8, 0.050393
22.81, 0.0448149
22.82, 0.0395627
22.83, 0.0346367
22.84, 0.0300371
22.85, 0.0257643
22.86, 0.0218184
22.87, 0.0181997
22.88, 0.0149084
22.89, 0.0119447
22.9, 0.00930886
22.91, 0.00700091
22.92, 0.00502103
22.93, 0.00336933
22.94, 0.00204592
22.95, 0.00105086
22.96, 0.00038423
22.97, 4.60529e-05
22.98, 3.63538e-05
22.99, 0.000355133
23, 0.00100237
23.01, 0.00197803
23.02, 0.00328205
23.03, 0.00491437
23.04, 0.00687487
23.05, 0.00916345
23.06, 0.01178
23.07, 0.0147243
23.08, 0.0179962
23.09, 0.0215956
23.1, 0.0255221
23.11, 0.0297757
23.12, 0.034356
23.13, 0.0392628
23.14, 0.0444957
23.15, 0.0500545
23.16, 0.0559389
23.17, 0.0621484
23.18, 0.0686828
23.19, 0.0755417
23.2, 0.0827246
23.21, 0.0902311
23.22, 0.0980609
23.23, 0.106213
23.24, 0.114688
23.25, 0.123485
23.26, 0.132602
23.27, 0.142041
23.28, 0.151799
23.29, 0.161878
23.3, 0.172275
23.31, 0.18299
23.32, 0.194024
23.33, 0.205374
23.34, 0.217041
23.35, 0.229024
23.36, 0.241321
23.37, 0.253933
23.38, 0.266859
23.39, 0.280097
23.4, 0.293648
23.41, 0.30751
23.42, 0.321682
23.43, 0.336164
23.44, 0.350955
23.45, 0.366053
23.46, 0.381459
23.47, 0.397171
23.48, 0.413188
23.49, 0.429509
23.5, 0.446134
23.51, 0.463061
23.52, 0.480289
23.53, 0.497817
23.54, 0.515645
23.55, 0.533771
23.56, 0.552195
23.57, 0.570914
23.58, 0.589929
23.59, 0.609237
23.6, 0.628839
23.61, 0.648731
23.62, 0.668915
23.63, 0.689387
23.64, 0.710148
23.65, 0.731196
23.66, 0.752529
23.67, 0.774146
23.68, 0.796047
23.69, 0.81823
23.7, 0.840693
23.71, 0.863435
23.72, 0.886455
23.73, 0.909752
23.74, 0.933324
23.75, 0.95717
23.76, 0.981288
23.77, 1.00568
23.78, 1.03034
23.79, 1.05526
23.8, 1.08046
23.81, 1.10591
23.82, 1.13164
23.83, 1.15762
23.84, 1.18387
23.85, 1.21037
23.86, 1.23713
23.87, 1.26415
23.88, 1.29142
23.89, 1.31895
23.9, 1.34672
23.91, 1.37475
23.92, 1.40302
23.93, 1.43154
23.94, 1.46031
23.95, 1.48931
23.96, 1.51856
23.97, 1.54805
23.98, 1.57778
23.99, 1.60774
24, 1.63793
24.01, 1.66836
24.02, 1.69902
24.03, 1.72991
24.04, 1.76103
24.05, 1.79237
24.06, 1.82393
24.07, 1.85572
24.08, 1.88772
24.09, 1.91995
24.1, 1.95239
24.11, 1.98504
24.12, 2.01791
24.13, 2.05098
24.14, 2.08427
24.15, 2.11776
24.16, 2.15145
24.17, 2.18535
24.18, 2.21945
24.19, 2.25374
24.2, 2.28824
24.21, 2.32292
24.22, 2.3578
24.23, 2.39287
24.24, 2.42813
24.25, 2.46357
24.26, 2.4992
24.27, 2.53501
24.28, 2.571
24.29, 2.60717
24.3, 2.64352
24.31, 2.68003
24.32, 2.71672
24.33, 2.75358
24.34, 2.79061
24.35, 2.8278
24.36, 2.86515
24.37, 2.90266
24.38, 2.94033
24.39, 2.97816
24.4, 3.01615
24.41, 3.05428
24.42, 3.09256
24.43, 3.13099
24.44, 3.16957
24.45, 3.20829
24.46, 3.24715
24.47, 3.28615
24.48, 3.32528
24.49, 3.36455
24.5, 3.40394
24.51, 3.44347
24.52, 3.48312
24.53, 3.5229
24.54, 3.5628
24.55, 3.60282
24.56, 3.64296
24.57, 3.68321
24.58, 3.72358
24.59, 3.76405
24.6, 3.80464
24.61, 3.84533
24.62, 3.88612
24.63, 3.92701
24.64, 3.968
24.65, 4.00909
24.66, 4.05027
24.67, 4.09154
24.68, 4.1329
24.69, 4.17435
24.7, 4.21588
24.71, 4.25749
24.72, 4.29919
24.73, 4.34095
24.74, 4.3828
24.75, 4.42471
24.76, 4.46669
24.77, 4.50874
24.78, 4.55086
24.79, 4.59303
24.8, 4.63527
24.81, 4.67756
24.82, 4.71991
24.83, 4.76231
24.84, 4.80475
24.85, 4.84725
24.86, 4.88979
24.87, 4.93237
24.88, 4.97499
24.89, 5.01765
24.9, 5.06034
24.91, 5.10306
24.92, 5.14582
24.93, 5.1886
24.94, 5.2314
24.95, 5.27423
24.96, 5.31708
24.97, 5.35994
24.98, 5.40282
24.99, 5.44571
25, 5.48861
25.01, 5.53151
25.02, 5.57442
25.03, 5.61733
25.04, 5.66025
25.05, 5.70315
25.06, 5.74606
25.07, 5.78895
25.08, 5.83184
25.09, 5.87471
25.1, 5.91756
25.11, 5.9604
25.12, 6.00321
25.13, 6.046
25.14, 6.08877
25.15, 6.13151
25.16, 6.17422
25.17, 6.21689
25.18, 6.25953
25.19, 6.30213
25.2, 6.34469
25.21, 6.38721
25.22, 6.42968
25.23, 6.4721
25.24, 6.51447
25.25, 6.55679
25.26, 6.59905
25.27, 6.64125
25.28, 6.6834
25.29, 6.72548
25.3, 6.76749
25.31, 6.80944
25.32, 6.85132
25.33, 6.89312
25.34, 6.93485
25.35, 6.9765
25.36, 7.01807
25.37, 7.05955
25.38, 7.10096
25.39, 7.14227
25.4, 7.18349
25.41, 7.22463
25.42, 7.26566
25.43, 7.3066
25.44, 7.34744
25.45, 7.38818
25.46, 7.42881
25.47, 7.46934
25.48, 7.50976
25.49, 7.55006
25.5, 7.59026
25.51, 7.63033
25.52, 7.67029
25.53, 7.71013
25.54, 7.74984
25.55, 7.78943
25.56, 7.82889
25.57, 7.86821
25.58, 7.90741
25.59, 7.94647
25.6, 7.9854
25.61, 8.02418
25.62, 8.06283
25.63, 8.10133
25.64, 8.13968
25.65, 8.17788
25.66, 8.21594
25.67, 8.25384
25.68, 8.29159
25.69, 8.32917
25.7, 8.3666
25.71, 8.40387
25.72, 8.44098
25.73, 8.47791
25.74, 8.51468
25.75, 8.55128
25.76, 8.58771
25.77, 8.62396
25.78, 8.66003
25.79, 8.69593
25.8, 8.73164
25.81, 8.76717
25.82, 8.80252
25.83, 8.83768
25.84, 8.87265
25.85, 8.90743
25.86, 8.94201
25.87, 8.9764
25.88, 9.01059
25.89, 9.04458
25.9, 9.07838
25.91, 9.11196
25.92, 9.14534
25.93, 9.17852
25.94, 9.21148
25.95, 9.24424
25.96, 9.27678
25.97, 9.3091
25.98, 9.34121
25.99, 9.3731
26, 9.40477
26.01, 9.43622
26.02, 9.46744
26.03, 9.49844
26.04, 9.5292
26.05, 9.55974
26.06, 9.59005
26.07, 9.62012
26.08, 9.64996
26.09, 9.67956
26.1, 9.70892
26.11, 9.73804
26.12, 9.76692
26.13, 9.79556
26.14, 9.82395
26.15, 9.85209
26.16, 9.87998
26.17, 9.90763
26.18, 9.93502
26.19, 9.96216
26.2, 9.98904
26.21, 10.0157
26.22, 10.042
26.23, 10.0681
26.24, 10.094
26.25, 10.1196
26.26, 10.1449
26.27, 10.1699
26.28, 10.1947
26.29, 10.2192
26.3, 10.2435
26.31, 10.2675
26.32, 10.2912
26.33, 10.3146
26.34, 10.3377
26.35, 10.3606
26.36, 10.3832
26.37, 10.4055
26.38, 10.4276
26.39, 10.4493
26.4, 10.4708
26.41, 10.492
26.42, 10.5129
26.43, 10.5335
26.44, 10.5538
26.45, 10.5738
26.46, 10.5936
26.47, 10.613
26.48, 10.6322
26.49, 10.651
26.5, 10.6696
26.51, 10.6878
26.52, 10.7058
26.53, 10.7235
26.54, 10.7409
26.55, 10.7579
26.56, 10.7747
26.57, 10.7912
26.58, 10.8073
26.59, 10.8232
26.6, 10.8387
26.61, 10.854
26.62, 10.8689
26.63, 10.8835
26.64, 10.8978
26.65, 10.9119
26.66, 10.9256
26.67, 10.9389
26.68, 10.952
26.69, 10.9648
26.7, 10.9772
26.71, 10.9894
26.72, 11.0012
26.73, 11.0127
26.74, 11.0238
26.75, 11.0347
26.76, 11.0453
26.77, 11.0555
26.78, 11.0654
26.79, 11.075
26.8, 11.0843
26.81, 11.0932
26.82, 11.1018
26.83, 11.1101
26.84, 11.1181
26.85, 11.1258
26.86, 11.1331
26.87, 11.1401
26.88, 11.1468
26.89, 11.1532
26.9, 11.1592
26.91, 11.1649
26.92, 11.1703
26.93, 11.1754
26.94, 11.1801
26.95, 11.1845
26.96, 11.1886
26.97, 11.1924
26.98, 11.1958
26.99, 11.1989
27, 11.2016
27.01, 11.2041
27.02, 11.2062
27.03, 11.208
27.04, 11.2095
27.05, 11.2106
27.06, 11.2114
27.07, 11.2119
27.08, 11.212
27.09, 11.2118
27.1, 11.2113
27.11, 11.2105
27.12, 11.2093
27.13, 11.2078
27.14, 11.206
27.15, 11.2038
27.16, 11.2013
27.17, 11.1985
27.18, 11.1954
27.19, 11.1919
27.2, 11.1881
27.21, 11.184
27.22, 11.1796
27.23, 11.1748
27.24, 11.1697
27.25, 11.1643
27.26, 11.1585
27.27, 11.1525
27.28, 11.1461
27.29, 11.1393
27.3, 11.1323
27.31, 11.1249
27.32, 11.1172
27.33, 11.1092
27.34, 11.1009
27.35, 11.0922
27.36, 11.0832
27.37, 11.0739
27.38, 11.0643
27.39, 11.0543
27.4, 11.0441
27.41, 11.0335
27.42, 11.0226
27.43, 11.0114
27.44, 10.9998
27.45, 10.988
27.46, 10.9758
27.47, 10.9633
27.48, 10.9505
27.49, 10.9374
27.5, 10.924
27.51, 10.9103
27.52, 10.8962
27.53, 10.8819
27.54, 10.8672
27.55, 10.8522
27.56, 10.8369
27.57, 10.8214
27.58, 10.8055
27.59, 10.7893
27.6, 10.7728
27.61, 10.756
27.62, 10.7389
27.63, 10.7215
27.64, 10.7038
27.65, 10.6858
27.66, 10.6675
27.67, 10.6489
27.68, 10.63
27.69, 10.6108
27.7, 10.5913
27.71, 10.5715
27.72, 10.5515
27.73, 10.5311
27.74, 10.5105
27.75, 10.4895
27.76, 10.4683
27.77, 10.4468
27.78, 10.425
27.79, 10.403
27.8, 10.3806
27.81, 10.358
27.82, 10.3351
27.83, 10.3119
27.84, 10.2884
27.85, 10.2647
27.86, 10.2407
27.87, 10.2164
27.88, 10.1919
27.89, 10.1671
27.9, 10.142
27.91, 10.1166
27.92, 10.091
27.93, 10.0651
27.94, 10.039
27.95, 10.0126
27.96, 9.98595
27.97, 9.95904
27.98, 9.93187
27.99, 9.90445
28, 9.87678
28.01, 9.84886
28.02, 9.82069
28.03, 9.79227
28.04, 9.7636
28.05, 9.7347
28.06, 9.70555
28.07, 9.67616
28.08, 9.64653
28.09, 9.61667
28.1, 9.58657
28.11, 9.55623
28.12, 9.52567
28.13, 9.49487
28.14, 9.46385
28.15, 9.4326
28.16, 9.40113
28.17, 9.36944
28.18, 9.33752
28.19, 9.30539
28.2, 9.27304
28.21, 9.24047
28.22, 9.20769
28.23, 9.1747
28.24, 9.14151
28.25, 9.1081
28.26, 9.07449
28.27, 9.04068
28.28, 9.00666
28.29, 8.97245
28.3, 8.93803
28.31, 8.90343
28.32, 8.86863
28.33, 8.83364
28.34, 8.79845
28.35, 8.76309
28.36, 8.72753
28.37, 8.6918
28.38, 8.65588
28.39, 8.61979
28.4, 8.58352
28.41, 8.54707
28.42, 8.51045
28.43, 8.47366
28.44, 8.43671
28.45, 8.39958
28.46, 8.3623
28.47, 8.32485
28.48, 8.28724
28.49, 8.24948
28.5, 8.21156
28.51, 8.17349
28.52, 8.13527
28.53, 8.0969
28.54, 8.05838
28.55, 8.01972
28.56, 7.98092
28.57, 7.94198
28.58, 7.9029
28.59, 7.86369
28.6, 7.82434
28.61, 7.78487
28.62, 7.74527
28.63, 7.70554
28.64, 7.66569
28.65, 7.62572
28.66, 7.58563
28.67, 7.54542
28.68, 7.5051
28.69, 7.46467
28.7, 7.42413
28.71, 7.38349
28.72, 7.34274
28.73, 7.30189
28.74, 7.26094
28.75, 7.21989
28.76, 7.17875
28.77, 7.13751
28.78, 7.09619
28.79, 7.05478
28.8, 7.01328
28.81, 6.9717
28.82, 6.93004
28.83, 6.8883
28.84, 6.84649
28.85, 6.80461
28.86, 6.76265
28.87, 6.72063
28.88, 6.67854
28.89, 6.63639
28.9, 6.59418
28.91, 6.55191
28.92, 6.50959
28.93, 6.46721
28.94, 6.42478
28.95, 6.38231
28.96, 6.33979
28.97, 6.29722
28.98, 6.25462
28.99, 6.21197
29, 6.1693
29.01, 6.12658
29.02, 6.08384
29.03, 6.04107
29.04, 5.99828
29.05, 5.95546
29.06, 5.91262
29.07, 5.86976
29.08, 5.82689
29.09, 5.78401
29.1, 5.74111
29.11, 5.69821
29.12, 5.6553
29.13, 5.61239
29.14, 5.56947
29.15, 5.52656
29.16, 5.48366
29.17, 5.44076
29.18, 5.39787
29.19, 5.355
29.2, 5.31214
29.21, 5.26929
29.22, 5.22647
29.23, 5.18366
29.24, 5.14089
29.25, 5.09814
29.26, 5.05542
29.27, 5.01273
29.28, 4.97007
29.29, 4.92746
29.3, 4.88488
29.31, 4.84235
29.32, 4.79986
29.33, 4.75741
29.34, 4.71502
29.35, 4.67268
29.36, 4.6304
29.37, 4.58817
29.38, 4.546
29.39, 4.50389
29.4, 4.46185
29.41, 4.41987
29.42, 4.37797
29.43, 4.33613
29.44, 4.29438
29.45, 4.25269
29.46, 4.21109
29.47, 4.16957
29.48, 4.12813
29.49, 4.08678
29.5, 4.04552
29.51, 4.00435
29.52, 3.96327
29.53, 3.92229
29.54, 3.88141
29.55, 3.84063
29.56, 3.79995
29.57, 3.75938
29.58, 3.71892
29.59, 3.67857
29.6, 3.63833
29.61, 3.5982
29.62, 3.5582
29.63, 3.51831
29.64, 3.47855
29.65, 3.43891
29.66, 3.39939
29.67, 3.36001
29.68, 3.32076
29.69, 3.28164
29.7, 3.24266
29.71, 3.20382
29.72, 3.16512
29.73, 3.12656
29.74, 3.08814
29.75, 3.04988
29.76, 3.01176
29.77, 2.97379
29.78, 2.93598
29.79, 2.89833
29.8, 2.86083
29.81, 2.8235
29.82, 2.78633
29.83, 2.74932
29.84, 2.71248
29.85, 2.67581
29.86, 2.63932
29.87, 2.60299
29.88, 2.56684
29.89, 2.53087
29.9, 2.49509
29.91, 2.45948
29.92, 2.42406
29.93, 2.38882
29.94, 2.35377
29.95, 2.31891
29.96, 2.28425
29.97, 2.24978
29.98, 2.2155
29.99, 2.18143
