r, Channel 1, Channel 2
0, 0, 0
0.01, 0.005567, 1.04306e-05
0.02, 0.0111614, -3.26704e-05
0.03, 0.0167577, -7.13062e-05
0.04, 0.0223442, -8.45699e-05
0.05, 0.0279169, -7.19183e-05
0.06, 0.033476, -4.22676e-05
0.07, 0.0390238, -7.26341e-06
0.08, 0.0445627, 2.2528e-05
0.09, 0.0500946, 3.94547e-05
0.1, 0.0556205, 3.9336e-05
0.11, 0.0611403, 2.12502e-05
0.12, 0.0666531, -1.30903e-05
0.13, 0.0721574, -6.0133e-05
0.14, 0.077651, -0.000115287
0.15, 0.0831315, -0.000173636
0.16, 0.0885966, -0.000230522
0.17, 0.0940437, -0.000281957
0.18, 0.0994708, -0.000324894
0.19, 0.104876, -0.000357354
0.2, 0.110258, -0.000378433
0.21, 0.115614, -0.000388221
0.22, 0.120945, -0.000387658
0.23, 0.12625, -0.000378347
0.24, 0.131527, -0.000362347
0.25, 0.136777, -0.000341971
0.26, 0.142, -0.000319585
0.27, 0.147194, -0.000297444
0.28, 0.15236, -0.000277546
0.29, 0.157498, -0.000261527
0.3, 0.162606, -0.000250583
0.31, 0.167685, -0.000245434
0.32, 0.172734, -0.000246316
0.33, 0.177752, -0.000252996
0.34, 0.182738, -0.000264816
0.35, 0.18769, -0.000280752
0.36, 0.192609, -0.000299487
0.37, 0.197492, -0.000319492
0.38, 0.202338, -0.000339111
0.39, 0.207146, -0.000356645
0.4, 0.211914, -0.000370433
0.41, 0.216641, -0.000378922
0.42, 0.221326, -0.000380736
0.43, 0.225967, -0.000374729
0.44, 0.230562, -0.000360022
0.45, 0.235112, -0.000336038
0.46, 0.239613, -0.000302515
0.47, 0.244066, -0.000259512
0.48, 0.24847, -0.000207403
0.49, 0.252822, -0.00014686
0.5, 0.257124, -7.88261e-05
0.51, 0.261374, -4.48744e-06
0.52, 0.265571, 7.47705e-05
0.53, 0.269714, 0.000157403
0.54, 0.273804, 0.000241753
0.55, 0.27784, 0.000326098
0.56, 0.281821, 0.000408692
0.57, 0.285747, 0.000487821
0.58, 0.289618, 0.000561833
0.59, 0.293433, 0.000629189
0.6, 0.297191, 0.000688488
0.61, 0.300893, 0.000738502
0.62, 0.304538, 0.000778201
0.63, 0.308125, 0.000806769
0.64, 0.311654, 0.000823618
0.65, 0.315124, 0.000828396
0.66, 0.318535, 0.000820989
0.67, 0.321886, 0.000801515
0.68, 0.325176, 0.00077032
0.69, 0.328405, 0.000727958
0.7, 0.331571, 0.000675184
0.71, 0.334675, 0.000612926
0.72, 0.337714, 0.000542264
0.73, 0.34069, 0.000464407
0.74, 0.343599, 0.000380666
0.75, 0.346443, 0.000292425
0.76, 0.349219, 0.000201116
0.77, 0.351927, 0.000108191
0.78, 0.354566, 1.50947e-05
0.79, 0.357136, -7.67608e-05
0.8, 0.359636, -0.000166018
0.81, 0.362064, -0.000251395
0.82, 0.364421, -0.000331708
0.83, 0.366705, -0.000405885
0.84, 0.368916, -0.000472979
0.85, 0.371054, -0.000532183
0.86, 0.373118, -0.000582834
0.87, 0.375107, -0.000624422
0.88, 0.377022, -0.00065659
0.89, 0.378861, -0.000679135
0.9, 0.380625, -0.000692007
0.91, 0.382313, -0.000695302
0.92, 0.383926, -0.000689256
0.93, 0.385462, -0.000674233
0.94, 0.386922, -0.000650722
0.95, 0.388306, -0.000619315
0.96, 0.389614, -0.000580701
0.97, 0.390845, -0.000535651
0.98, 0.392001, -0.000485
0.99, 0.39308, -0.000429633
1, 0.394083, -0.000370472
1.01, 0.395009, -0.00030846
1.02, 0.39586, -0.000244545
1.03, 0.396635, -0.000179668
1.04, 0.397333, -0.000114746
1.05, 0.397956, -5.0665e-05
1.06, 0.398502, 1.17354e-05
1.07, 0.398972, 7.16709e-05
1.08, 0.399367, 0.000128422
1.09, 0.399685, 0.000181339
1.1, 0.399927, 0.000229854
1.11, 0.400094, 0.000273478
1.12, 0.400184, 0.00031181
1.13, 0.400197, 0.000344538
1.14, 0.400135, 0.000371437
1.15, 0.399995, 0.000392372
1.16, 0.39978, 0.000407295
1.17, 0.399487, 0.000416239
1.18, 0.399118, 0.000419319
1.19, 0.398671, 0.000416724
1.2, 0.398148, 0.000408712
1.21, 0.397547, 0.000395604
1.22, 0.39687, 0.000377777
1.23, 0.396114, 0.000355655
1.24, 0.395281, 0.000329705
1.25, 0.394371, 0.000300424
1.26, 0.393383, 0.000268335
1.27, 0.392318, 0.000233978
1.28, 0.391175, 0.000197902
1.29, 0.389954, 0.000160656
1.3, 0.388657, 0.000122783
1.31, 0.387281, 8.48139e-05
1.32, 0.385829, 4.72587e-05
1.33, 0.3843, 1.06027e-05
1.34, 0.382694, -2.47e-05
1.35, 0.381011, -5.82307e-05
1.36, 0.379253, -8.96106e-05
1.37, 0.377419, -0.000118504
1.38, 0.375509, -0.00014462
1.39, 0.373525, -0.000167716
1.4, 0.371466, -0.000187599
1.41, 0.369333, -0.000204125
1.42, 0.367126, -0.000217198
1.43, 0.364847, -0.000226773
1.44, 0.362496, -0.000232852
1.45, 0.360073, -0.000235481
1.46, 0.357579, -0.000234752
1.47, 0.355015, -0.000230795
1.48, 0.352381, -0.000223779
1.49, 0.349679, -0.000213907
1.5, 0.346908, -0.00020141
1.51, 0.34407, -0.000186547
1.52, 0.341166, -0.000169598
1.53, 0.338195, -0.000150862
1.54, 0.33516, -0.000130647
1.55, 0.33206, -0.000109275
1.56, 0.328897, -8.70685e-05
1.57, 0.325671, -6.43518e-05
1.58, 0.322383, -4.14451e-05
1.59, 0.319034, -1.86609e-05
1.6, 0.315624, 3.69986e-06
1.61, 0.312155, 2.53507e-05
1.62, 0.308627, 4.6023e-05
1.63, 0.30504, 6.54688e-05
1.64, 0.301396, 8.34631e-05
1.65, 0.297695, 9.98056e-05
1.66, 0.293938, 0.000114323
1.67, 0.290125, 0.00012687
1.68, 0.286257, 0.00013733
1.69, 0.282335, 0.000145617
1.7, 0.27836, 0.000151672
1.71, 0.274332, 0.000155468
1.72, 0.270251, 0.000157007
1.73, 0.266119, 0.000156317
1.74, 0.261936, 0.000153456
1.75, 0.257702, 0.000148505
1.76, 0.253419, 0.000141571
1.77, 0.249087, 0.000132783
1.78, 0.244706, 0.000122288
1.79, 0.240277, 0.000110252
1.8, 0.235801, 9.68568e-05
1.81, 0.231278, 8.22971e-05
1.82, 0.22671, 6.67771e-05
1.83, 0.222097, 5.05089e-05
1.84, 0.217439, 3.37096e-05
1.85, 0.212737, 1.65989e-05
1.86, 0.207992, -6.04203e-07
1.87, 0.203205, -1.76831e-05
1.88, 0.198377, -3.44264e-05
1.89, 0.193508, -5.06303e-05
1.9, 0.188599, -6.61006e-05
1.91, 0.183652, -8.06548e-05
1.92, 0.178666, -9.41237e-05
1.93, 0.173643, -0.000106354
1.94, 0.168585, -0.000117207
1.95, 0.163491, -0.000126564
1.96, 0.158363, -0.000134325
1.97, 0.153202, -0.000140408
1.98, 0.148008, -0.000144751
1.99, 0.142784, -0.000147315
2, 0.13753, -0.000148079
2.01, 0.132248, -0.000147045
2.02, 0.126937, -0.000144231
2.03, 0.121601, -0.00013968
2.04, 0.116239, -0.000133448
2.05, 0.110853, -0.000125615
2.06, 0.105444, -0.000116273
2.07, 0.100014, -0.000105532
2.08, 0.0945634, -9.35151e-05
2.09, 0.0890938, -8.03598e-05
2.1, 0.0836064, -6.62135e-05
2.11, 0.0781024, -5.12334e-05
2.12, 0.0725832, -3.55843e-05
2.13, 0.06705, -1.94373e-05
2.14, 0.061504, -2.96723e-06
2.15, 0.0559465, 1.36485e-05
2.16, 0.0503787, 3.0232e-05
2.17, 0.0448018, 4.66071e-05
2.18, 0.0392172, 6.26004e-05
2.19, 0.0336259, 7.80435e-05
2.2, 0.0280292, 9.27743e-05
2.21, 0.0224282, 0.000106639
2.22, 0.0168242, 0.000119493
2.23, 0.0112181, 0.000131202
2.24, 0.00561126, 0.000141645
2.25, 4.60899e-06, 0.000150714
2.26, -0.00560073, 0.000158313
2.27, -0.0112037, 0.000164362
2.28, -0.0168033, 0.000168798
2.29, -0.0223986, 0.000171572
2.3, -0.0279885, 0.000172652
2.31, -0.0335721, 0.000172023
2.32, -0.0391485, 0.000169685
2.33, -0.0447168, 0.000165655
2.34, -0.0502761, 0.000159967
2.35, -0.0558256, 0.00015267
2.36, -0.0613643, 0.000143829
2.37, -0.0668916, 0.000133521
2.38, -0.0724066, 0.000121838
2.39, -0.0779085, 0.000108886
2.4, -0.0833965, 9.47815e-05
2.41, -0.0888699, 7.96504e-05
2.42, -0.094328, 6.36295e-05
2.43, -0.0997701, 4.68629e-05
2.44, -0.105195, 2.95015e-05
2.45, -0.110603, 1.17014e-05
2.46, -0.115993, -6.37708e-06
2.47, -0.121363, -2.45716e-05
2.48, -0.126714, -4.27187e-05
2.49, -0.132045, -6.06552e-05
2.5, -0.137355, -7.82201e-05
2.51, -0.142643, -9.52554e-05
2.52, -0.147908, -0.000111608
2.53, -0.153151, -0.00012713
2.54, -0.158369, -0.000141682
2.55, -0.163563, -0.000155131
2.56, -0.168732, -0.000167356
2.57, -0.173874, -0.000178244
2.58, -0.178989, -0.000187695
2.59, -0.184077, -0.00019562
2.6, -0.189137, -0.000201944
2.61, -0.194167, -0.000206605
2.62, -0.199167, -0.000209554
2.63, -0.204135, -0.000210757
2.64, -0.209073, -0.000210195
2.65, -0.213977, -0.000207863
2.66, -0.218848, -0.000203771
2.67, -0.223684, -0.000197943
2.68, -0.228485, -0.000190418
2.69, -0.23325, -0.000181249
2.7, -0.237977, -0.000170501
2.71, -0.242666, -0.000158253
2.72, -0.247316, -0.000144596
2.73, -0.251926, -0.000129634
2.74, -0.256495, -0.000113479
2.75, -0.261022, -9.62535e-05
2.76, -0.265505, -7.80905e-05
2.77, -0.269945, -5.91289e-05
2.78, -0.27434, -3.95147e-05
2.79, -0.278688, -1.93994e-05
2.8, -0.28299, 1.06152e-06
2.81, -0.287244, 2.17092e-05
2.82, -0.291449, 4.23833e-05
2.83, -0.295605, 6.29226e-05
2.84, -0.29971, 8.31669e-05
2.85, -0.303763, 0.000102958
2.86, -0.307764, 0.00012214
2.87, -0.311712, 0.000140561
2.88, -0.315606, 0.000158078
2.89, -0.319445, 0.000174549
2.9, -0.323229, 0.000189845
2.91, -0.326956, 0.000203841
2.92, -0.330626, 0.000216424
2.93, -0.334238, 0.000227491
2.94, -0.337792, 0.000236949
2.95, -0.341287, 0.000244718
2.96, -0.344723, 0.000250729
2.97, -0.348098, 0.000254928
2.98, -0.351413, 0.000257272
2.99, -0.354668, 0.000257732
3, -0.35786, 0.000256293
3.01, -0.360992, 0.000252953
3.02, -0.364061, 0.000247726
3.03, -0.367068, 0.000240638
3.04, -0.370012, 0.000231728
3.05, -0.372894, 0.00022105
3.06, -0.375713, 0.000208669
3.07, -0.378469, 0.000194663
3.08, -0.381162, 0.000179124
3.09, -0.383792, 0.000162152
3.1, -0.386359, 0.00014386
3.11, -0.388863, 0.000124368
3.12, -0.391304, 0.000103807
3.13, -0.393682, 8.23168e-05
3.14, -0.395997, 6.00414e-05
3.15, -0.39825, 3.71327e-05
3.16, -0.40044, 1.37469e-05
3.17, -0.402568, -9.95551e-06
3.18, -0.404634, -3.38116e-05
3.19, -0.406638, -5.76568e-05
3.2, -0.408581, -8.13257e-05
3.21, -0.410462, -0.000104654
3.22, -0.412283, -0.000127478
3.23, -0.414042, -0.000149639
3.24, -0.415741, -0.000170979
3.25, -0.41738, -0.000191349
3.26, -0.418958, -0.000210602
3.27, -0.420476, -0.0002286
3.28, -0.421935, -0.000245213
3.29, -0.423335, -0.00026032
3.3, -0.424675, -0.000273808
3.31, -0.425956, -0.000285577
3.32, -0.427177, -0.000295534
3.33, -0.42834, -0.000303602
3.34, -0.429445, -0.000309713
3.35, -0.43049, -0.000313814
3.36, -0.431476, -0.000315863
3.37, -0.432404, -0.000315833
3.38, -0.433272, -0.00031371
3.39, -0.434082, -0.000309492
3.4, -0.434832, -0.000303193
3.41, -0.435523, -0.00029484
3.42, -0.436153, -0.000284472
3.43, -0.436724, -0.000272142
3.44, -0.437235, -0.000257918
3.45, -0.437684, -0.000241877
3.46, -0.438072, -0.000224111
3.47, -0.438398, -0.000204721
3.48, -0.438662, -0.00018382
3.49, -0.438863, -0.000161532
3.5, -0.439, -0.000137989
3.51, -0.439072, -0.000113333
3.52, -0.43908, -8.77118e-05
3.53, -0.439021, -6.12814e-05
3.54, -0.438895, -3.42036e-05
3.55, -0.438701, -6.64452e-06
3.56, -0.438438, 2.12254e-05
3.57, -0.438106, 4.92333e-05
3.58, -0.437702, 7.72042e-05
3.59, -0.437227, 0.000104963
3.6, -0.436678, 0.000132334
3.61, -0.436055, 0.000159145
3.62, -0.435357, 0.000185224
3.63, -0.434581, 0.000210404
3.64, -0.433728, 0.000234522
3.65, -0.432796, 0.000257422
3.66, -0.431783, 0.000278952
3.67, -0.430688, 0.000298971
3.68, -0.42951, 0.000317343
3.69, -0.428248, 0.000333944
3.7, -0.4269, 0.000348658
3.71, -0.425465, 0.000361381
3.72, -0.423942, 0.00037202
3.73, -0.422329, 0.000380494
3.74, -0.420625, 0.000386735
3.75, -0.418829, 0.000390688
3.76, -0.41694, 0.00039231
3.77, -0.414956, 0.000391574
3.78, -0.412876, 0.000388464
3.79, -0.4107, 0.000382981
3.8, -0.408425, 0.000375137
3.81, -0.406052, 0.000364961
3.82, -0.403578, 0.000352495
3.83, -0.401004, 0.000337792
3.84, -0.398327, 0.000320923
3.85, -0.395548, 0.000301968
3.86, -0.392665, 0.000281023
3.87, -0.389678, 0.000258194
3.88, -0.386586, 0.0002336
3.89, -0.383388, 0.000207369
3.9, -0.380084, 0.000179642
3.91, -0.376674, 0.000150568
3.92, -0.373156, 0.000120304
3.93, -0.369532, 8.90171e-05
3.94, -0.3658, 5.68787e-05
3.95, -0.36196, 2.40679e-05
3.96, -0.358013, -9.23144e-06
3.97, -0.353958, -4.28318e-05
3.98, -0.349796, -7.65424e-05
3.99, -0.345526, -0.000110171
4, -0.34115, -0.000143524
4.01, -0.336667, -0.000176408
4.02, -0.332077, -0.000208632
4.03, -0.327382, -0.000240007
4.04, -0.322583, -0.000270345
4.05, -0.317679, -0.000299468
4.06, -0.312671, -0.000327197
4.07, -0.307561, -0.000353365
4.08, -0.302349, -0.00037781
4.09, -0.297037, -0.000400379
4.1, -0.291626, -0.000420927
4.11, -0.286116, -0.000439321
4.12, -0.28051, -0.000455439
4.13, -0.274808, -0.000469169
4.14, -0.269012, -0.000480413
4.15, -0.263124, -0.000489085
4.16, -0.257145, -0.000495114
4.17, -0.251076, -0.00049844
4.18, -0.24492, -0.00049902
4.19, -0.238678, -0.000496824
4.2, -0.232352, -0.00049184
4.21, -0.225944, -0.000484066
4.22, -0.219456, -0.00047352
4.23, -0.212889, -0.000460232
4.24, -0.206247, -0.000444248
4.25, -0.19953, -0.000425629
4.26, -0.192741, -0.000404452
4.27, -0.185882, -0.000380805
4.28, -0.178955, -0.000354794
4.29, -0.171963, -0.000326535
4.3, -0.164907, -0.00029616
4.31, -0.15779, -0.00026381
4.32, -0.150614, -0.00022964
4.33, -0.143382, -0.000193816
4.34, -0.136094, -0.000156514
4.35, -0.128755, -0.000117917
4.36, -0.121365, -7.82193e-05
4.37, -0.113928, -3.76214e-05
4.38, -0.106445, 3.66962e-06
4.39, -0.0989193, 4.54415e-05
4.4, -0.0913521, 8.74774e-05
4.41, -0.0837461, 0.000129557
4.42, -0.0761035, 0.000171459
4.43, -0.0684263, 0.00021296
4.44, -0.0607168, 0.000253836
4.45, -0.052977, 0.000293867
4.46, -0.045209, 0.000332833
4.47, -0.037415, 0.000370517
4.48, -0.0295968, 0.00040671
4.49, -0.0217566, 0.000441206
4.5, -0.0138962, 0.000473806
4.51, -0.00601751, 0.00050432
4.52, 0.00187751, 0.000532567
4.53, 0.00978708, 0.000558375
4.54, 0.0177094, 0.000581583
4.55, 0.0256428, 0.000602043
4.56, 0.0335855, 0.000619618
4.57, 0.0415359, 0.000634184
4.58, 0.0494924, 0.000645634
4.59, 0.0574534, 0.000653873
4.6, 0.0654175, 0.000658822
4.61, 0.0733832, 0.000660417
4.62, 0.0813491, 0.000658613
4.63, 0.0893139, 0.000653379
4.64, 0.0972763, 0.000644702
4.65, 0.105235, 0.000632585
4.66, 0.113189, 0.00061705
4.67, 0.121137, 0.000598134
4.68, 0.129077, 0.000575894
4.69, 0.13701, 0.000550402
4.7, 0.144933, 0.000521747
4.71, 0.152846, 0.000490035
4.72, 0.160748, 0.000455389
4.73, 0.168639, 0.000417946
4.74, 0.176516, 0.00037786
4.75, 0.18438, 0.000335299
4.76, 0.19223, 0.000290443
4.77, 0.200066, 0.000243489
4.78, 0.207885, 0.000194642
4.79, 0.215689, 0.000144123
4.8, 0.223475, 9.21592e-05
4.81, 0.231245, 3.89903e-05
4.82, 0.238997, -1.51366e-05
4.83, 0.246731, -6.9967e-05
4.84, 0.254446, -0.00012524
4.85, 0.262142, -0.00018069
4.86, 0.269819, -0.000236047
4.87, 0.277476, -0.000291038
4.88, 0.285113, -0.000345391
4.89, 0.29273, -0.00039883
4.9, 0.300326, -0.000451084
4.91, 0.307902, -0.000501883
4.92, 0.315456, -0.000550959
4.93, 0.322989, -0.000598051
4.94, 0.330502, -0.000642904
4.95, 0.337992, -0.000685272
4.96, 0.345461, -0.000724913
4.97, 0.352908, -0.000761601
4.98, 0.360333, -0.000795117
4.99, 0.367737, -0.000825255
5, 0.375118, -0.000851823
5.01, 0.382477, -0.000874643
5.02, 0.389814, -0.000893552
5.03, 0.397128, -0.000908404
5.04, 0.404421, -0.000919068
5.05, 0.411691, -0.000925433
5.06, 0.418938, -0.000927406
5.07, 0.426163, -0.000924912
5.08, 0.433366, -0.000917895
5.09, 0.440546, -0.000906322
5.1, 0.447704, -0.000890179
5.11, 0.454839, -0.00086947
5.12, 0.461952, -0.000844225
5.13, 0.469043, -0.000814491
5.14, 0.47611, -0.000780337
5.15, 0.483156, -0.000741855
5.16, 0.490178, -0.000699155
5.17, 0.497178, -0.00065237
5.18, 0.504156, -0.000601651
5.19, 0.511111, -0.000547171
5.2, 0.518044, -0.00048912
5.21, 0.524954, -0.000427708
5.22, 0.531841, -0.000363164
5.23, 0.538706, -0.000295733
5.24, 0.545548, -0.000225675
5.25, 0.552368, -0.000153268
5.26, 0.559165, -7.88036e-05
5.27, 0.56594, -2.58553e-06
5.28, 0.572691, 7.50691e-05
5.29, 0.579421, 0.000153832
5.3, 0.586128, 0.000233367
5.31, 0.592812, 0.000313326
5.32, 0.599473, 0.000393358
5.33, 0.606112, 0.000473103
5.34, 0.612729, 0.000552198
5.35, 0.619323, 0.000630278
5.36, 0.625894, 0.000706976
5.37, 0.632443, 0.000781925
5.38, 0.638969, 0.00085476
5.39, 0.645472, 0.000925119
5.4, 0.651953, 0.000992647
5.41, 0.658412, 0.00105699
5.42, 0.664848, 0.00111781
5.43, 0.671261, 0.00117477
5.44, 0.677652, 0.00122756
5.45, 0.684021, 0.00127585
5.46, 0.690367, 0.00131936
5.47, 0.696691, 0.0013578
5.48, 0.702993, 0.00139091
5.49, 0.709272, 0.00141844
5.5, 0.715529, 0.00144017
5.51, 0.721764, 0.00145589
5.52, 0.727976, 0.00146541
5.53, 0.734167, 0.00146856
5.54, 0.740336, 0.00146522
5.55, 0.746482, 0.00145526
5.56, 0.752607, 0.00143858
5.57, 0.75871, 0.00141514
5.58, 0.764792, 0.00138487
5.59, 0.770851, 0.00134778
5.6, 0.776889, 0.00130388
5.61, 0.782906, 0.0012532
5.62, 0.788901, 0.00119582
5.63, 0.794876, 0.00113183
5.64, 0.800829, 0.00106136
5.65, 0.80676, 0.000984563
5.66, 0.812671, 0.000901616
5.67, 0.818561, 0.000812728
5.68, 0.824431, 0.000718132
5.69, 0.830279, 0.000618089
5.7, 0.836108, 0.000512885
5.71, 0.841916, 0.00040283
5.72, 0.847703, 0.00028826
5.73, 0.85347, 0.000169532
5.74, 0.859218, 4.70282e-05
5.75, 0.864945, -7.88508e-05
5.76, 0.870653, -0.000207683
5.77, 0.876341, -0.000339029
5.78, 0.882009, -0.00047243
5.79, 0.887658, -0.000607412
5.8, 0.893287, -0.000743488
5.81, 0.898898, -0.000880157
5.82, 0.904489, -0.00101691
5.83, 0.910061, -0.00115321
5.84, 0.915614, -0.00128855
5.85, 0.921149, -0.00142238
5.86, 0.926665, -0.00155416
5.87, 0.932162, -0.00168335
5.88, 0.937641, -0.00180941
5.89, 0.943101, -0.0019318
5.9, 0.948543, -0.00204997
5.91, 0.953967, -0.00216339
5.92, 0.959373, -0.00227154
5.93, 0.964761, -0.00237389
5.94, 0.97013, -0.00246995
5.95, 0.975482, -0.00255921
5.96, 0.980816, -0.0026412
5.97, 0.986133, -0.00271546
5.98, 0.991431, -0.00278153
5.99, 0.996712, -0.002839
6, 1.00198, -0.00288745
6.01, 1.00722, -0.00292651
6.02, 1.01245, -0.00295583
6.03, 1.01766, -0.00297506
6.04, 1.02285, -0.00298392
6.05, 1.02803, -0.00298212
6.06, 1.03319, -0.00296943
6.07, 1.03833, -0.00294562
6.08, 1.04345, -0.00291054
6.09, 1.04856, -0.00286402
6.1, 1.05365, -0.00280596
6.11, 1.05872, -0.00273628
6.12, 1.06378, -0.00265494
6.13, 1.06881, -0.00256194
6.14, 1.07383, -0.00245731
6.15, 1.07884, -0.00234113
6.16, 1.08382, -0.00221349
6.17, 1.08879, -0.00207456
6.18, 1.09374, -0.00192451
6.19, 1.09868, -0.00176356
6.2, 1.10359, -0.00159197
6.21, 1.10849, -0.00141004
6.22, 1.11337, -0.0012181
6.23, 1.11824, -0.00101652
6.24, 1.12308, -0.000805704
6.25, 1.12791, -0.000586085
6.26, 1.13272, -0.000358137
6.27, 1.13752, -0.000122365
6.28, 1.14229, 0.000120698
6.29, 1.14705, 0.000370483
6.3, 1.1518, 0.000626399
6.31, 1.15652, 0.000887822
6.32, 1.16123, 0.0011541
6.33, 1.16591, 0.00142458
6.34, 1.17059, 0.00169854
6.35, 1.17524, 0.00197528
6.36, 1.17988, 0.00225407
6.37, 1.18449, 0.00253415
6.38, 1.18909, 0.00281475
6.39, 1.19368, 0.00309511
6.4, 1.19824, 0.00337441
6.41, 1.20279, 0.00365187
6.42, 1.20732, 0.00392668
6.43, 1.21183, 0.00419803
6.44, 1.21633, 0.0044651
6.45, 1.22081, 0.00472708
6.46, 1.22527, 0.00498315
6.47, 1.22971, 0.00523252
6.48, 1.23413, 0.00547438
6.49, 1.23854, 0.00570793
6.5, 1.24293, 0.00593239
6.51, 1.2473, 0.006147
6.52, 1.25166, 0.00635101
6.53, 1.256, 0.00654367
6.54, 1.26032, 0.00672426
6.55, 1.26462, 0.00689211
6.56, 1.26891, 0.00704652
6.57, 1.27318, 0.00718686
6.58, 1.27743, 0.00731251
6.59, 1.28166, 0.00742287
6.6, 1.28588, 0.00751739
6.61, 1.29008, 0.00759555
6.62, 1.29427, 0.00765683
6.63, 1.29844, 0.0077008
6.64, 1.30259, 0.00772703
6.65, 1.30672, 0.00773512
6.66, 1.31084, 0.00772475
6.67, 1.31494, 0.00769561
6.68, 1.31903, 0.00764743
6.69, 1.3231, 0.00758
6.7, 1.32715, 0.00749312
6.71, 1.33118, 0.00738669
6.72, 1.33521, 0.00726059
6.73, 1.33921, 0.00711478
6.74, 1.3432, 0.00694927
6.75, 1.34717, 0.0067641
6.76, 1.35113, 0.00655935
6.77, 1.35507, 0.00633515
6.78, 1.359, 0.00609169
6.79, 1.36291, 0.00582918
6.8, 1.3668, 0.00554789
6.81, 1.37068, 0.00524813
6.82, 1.37455, 0.00493024
6.83, 1.3784, 0.00459462
6.84, 1.38223, 0.00424171
6.85, 1.38605, 0.00387197
6.86, 1.38986, 0.00348591
6.87, 1.39365, 0.0030841
6.88, 1.39742, 0.0026671
6.89, 1.40118, 0.00223555
6.9, 1.40493, 0.00179009
6.91, 1.40866, 0.00133142
6.92, 1.41238, 0.000860243
6.93, 1.41608, 0.000377313
6.94, 1.41977, -0.000116599
6.95, 1.42344, -0.000620698
6.96, 1.4271, -0.00113416
6.97, 1.43074, -0.00165615
6.98, 1.43437, -0.0021858
6.99, 1.43799, -0.00272224
7, 1.44159, -0.00326456
7.01, 1.44518, -0.00381188
7.02, 1.44875, -0.00436325
7.03, 1.45231, -0.00491777
7.04, 1.45585, -0.00547449
7.05, 1.45938, -0.00603248
7.06, 1.4629, -0.0065908
7.07, 1.4664, -0.0071485
7.08, 1.46989, -0.00770465
7.09, 1.47336, -0.00825831
7.1, 1.47682, -0.00880855
7.11, 1.48027, -0.00935445
7.12, 1.4837, -0.0098951
7.13, 1.48712, -0.0104296
7.14, 1.49052, -0.0109571
7.15, 1.49391, -0.0114766
7.16, 1.49728, -0.0119874
7.17, 1.50064, -0.0124886
7.18, 1.50399, -0.0129794
7.19, 1.50732, -0.013459
7.2, 1.51063, -0.0139266
7.21, 1.51394, -0.0143815
7.22, 1.51723, -0.014823
7.23, 1.5205, -0.0152505
7.24, 1.52376, -0.0156631
7.25, 1.527, -0.0160604
7.26, 1.53023, -0.0164418
7.27, 1.53345, -0.0168066
7.28, 1.53665, -0.0171543
7.29, 1.53984, -0.0174846
7.3, 1.54301, -0.0177968
7.31, 1.54616, -0.0180906
7.32, 1.54931, -0.0183657
7.33, 1.55243, -0.0186215
7.34, 1.55555, -0.018858
7.35, 1.55864, -0.0190747
7.36, 1.56173, -0.0192715
7.37, 1.5648, -0.0194481
7.38, 1.56785, -0.0196044
7.39, 1.57089, -0.0197403
7.4, 1.57391, -0.0198557
7.41, 1.57692, -0.0199505
7.42, 1.57991, -0.0200247
7.43, 1.58289, -0.0200783
7.44, 1.58586, -0.0201115
7.45, 1.5888, -0.0201242
7.46, 1.59174, -0.0201166
7.47, 1.59466, -0.0200889
7.48, 1.59756, -0.0200413
7.49, 1.60045, -0.0199739
7.5, 1.60332, -0.019887
7.51, 1.60618, -0.019781
7.52, 1.60903, -0.019656
7.53, 1.61185, -0.0195124
7.54, 1.61467, -0.0193506
7.55, 1.61747, -0.0191709
7.56, 1.62025, -0.0189738
7.57, 1.62302, -0.0187596
7.58, 1.62578, -0.0185288
7.59, 1.62851, -0.0182819
7.6, 1.63124, -0.0180192
7.61, 1.63395, -0.0177413
7.62, 1.63664, -0.0174487
7.63, 1.63932, -0.0171419
7.64, 1.64199, -0.0168213
7.65, 1.64464, -0.0164876
7.66, 1.64728, -0.0161412
7.67, 1.6499, -0.0157827
7.68, 1.6525, -0.0154127
7.69, 1.6551, -0.0150315
7.7, 1.65767, -0.0146399
7.71, 1.66024, -0.0142382
7.72, 1.66278, -0.0138272
7.73, 1.66532, -0.0134072
7.74, 1.66784, -0.0129788
7.75, 1.67034, -0.0125426
7.76, 1.67283, -0.0120991
7.77, 1.67531, -0.0116487
7.78, 1.67777, -0.0111919
7.79, 1.68022, -0.0107293
7.8, 1.68265, -0.0102612
7.81, 1.68507, -0.00978825
7.82, 1.68748, -0.00931077
7.83, 1.68987, -0.00882922
7.84, 1.69225, -0.00834401
7.85, 1.69461, -0.00785553
7.86, 1.69696, -0.00736416
7.87, 1.69929, -0.00687026
7.88, 1.70162, -0.00637418
7.89, 1.70392, -0.00587624
7.9, 1.70622, -0.00537674
7.91, 1.70849, -0.00487596
7.92, 1.71076, -0.00437419
7.93, 1.71301, -0.00387165
7.94, 1.71525, -0.00336858
7.95, 1.71747, -0.00286518
7.96, 1.71968, -0.00236164
7.97, 1.72188, -0.00185812
7.98, 1.72406, -0.00135478
7.99, 1.72622, -0.000851731
8, 1.72838, -0.000349088
8.01, 1.73052, 0.000153059
8.02, 1.73264, 0.000654642
8.03, 1.73476, 0.00115561
8.04, 1.73685, 0.00165592
8.05, 1.73894, 0.00215556
8.06, 1.74101, 0.00265453
8.07, 1.74306, 0.00315284
8.08, 1.7451, 0.00365052
8.09, 1.74713, 0.00414762
8.1, 1.74915, 0.00464418
8.11, 1.75114, 0.00514029
8.12, 1.75313, 0.00563601
8.13, 1.7551, 0.00613145
8.14, 1.75706, 0.00662671
8.15, 1.759, 0.0071219
8.16, 1.76093, 0.00761714
8.17, 1.76284, 0.00811255
8.18, 1.76474, 0.00860828
8.19, 1.76662, 0.00910447
8.2, 1.76849, 0.00960125
8.21, 1.77035, 0.0100988
8.22, 1.77219, 0.0105972
8.23, 1.77401, 0.0110967
8.24, 1.77582, 0.0115974
8.25, 1.77762, 0.0120994
8.26, 1.7794, 0.012603
8.27, 1.78117, 0.0131082
8.28, 1.78292, 0.0136153
8.29, 1.78465, 0.0141243
8.3, 1.78638, 0.0146354
8.31, 1.78808, 0.0151488
8.32, 1.78977, 0.0156645
8.33, 1.79145, 0.0161828
8.34, 1.79311, 0.0167037
8.35, 1.79475, 0.0172273
8.36, 1.79638, 0.0177537
8.37, 1.79799, 0.0182831
8.38, 1.79959, 0.0188155
8.39, 1.80117, 0.0193511
8.4, 1.80274, 0.0198897
8.41, 1.80429, 0.0204316
8.42, 1.80583, 0.0209768
8.43, 1.80735, 0.0215252
8.44, 1.80885, 0.022077
8.45, 1.81034, 0.0226321
8.46, 1.81181, 0.0231905
8.47, 1.81327, 0.0237523
8.48, 1.81471, 0.0243173
8.49, 1.81613, 0.0248857
8.5, 1.81754, 0.0254572
8.51, 1.81893, 0.0260319
8.52, 1.82031, 0.0266097
8.53, 1.82167, 0.0271905
8.54, 1.82301, 0.0277742
8.55, 1.82434, 0.0283608
8.56, 1.82565, 0.0289501
8.57, 1.82695, 0.0295419
8.58, 1.82823, 0.0301362
8.59, 1.82949, 0.0307329
8.6, 1.83074, 0.0313317
8.61, 1.83197, 0.0319325
8.62, 1.83318, 0.0325352
8.63, 1.83438, 0.0331396
8.64, 1.83556, 0.0337455
8.65, 1.83673, 0.0343527
8.66, 1.83788, 0.034961
8.67, 1.83901, 0.0355703
8.68, 1.84013, 0.0361803
8.69, 1.84123, 0.0367909
8.7, 1.84231, 0.0374018
8.71, 1.84338, 0.0380129
8.72, 1.84443, 0.0386239
8.73, 1.84547, 0.0392346
8.74, 1.84649, 0.0398448
8.75, 1.84749, 0.0404544
8.76, 1.84848, 0.0410631
8.77, 1.84945, 0.0416707
8.78, 1.8504, 0.042277
8.79, 1.85134, 0.0428818
8.8, 1.85226, 0.043485
8.81, 1.85317, 0.0440863
8.82, 1.85406, 0.0446855
8.83, 1.85493, 0.0452826
8.84, 1.85579, 0.0458772
8.85, 1.85663, 0.0464694
8.86, 1.85746, 0.0470588
8.87, 1.85827, 0.0476454
8.88, 1.85906, 0.048229
8.89, 1.85984, 0.0488095
8.9, 1.8606, 0.0493867
8.91, 1.86134, 0.0499606
8.92, 1.86207, 0.0505311
8.93, 1.86279, 0.051098
8.94, 1.86348, 0.0516614
8.95, 1.86416, 0.052221
8.96, 1.86483, 0.0527769
8.97, 1.86548, 0.0533291
8.98, 1.86611, 0.0538774
8.99, 1.86673, 0.0544218
9, 1.86733, 0.0549624
9.01, 1.86791, 0.0554992
9.02, 1.86848, 0.0560321
9.03, 1.86903, 0.0565611
9.04, 1.86957, 0.0570863
9.05, 1.87008, 0.0576078
9.06, 1.87059, 0.0581256
9.07, 1.87107, 0.0586397
9.08, 1.87154, 0.0591502
9.09, 1.872, 0.0596572
9.1, 1.87244, 0.0601609
9.11, 1.87286, 0.0606612
9.12, 1.87326, 0.0611583
9.13, 1.87365, 0.0616523
9.14, 1.87402, 0.0621434
9.15, 1.87438, 0.0626316
9.16, 1.87472, 0.0631172
9.17, 1.87504, 0.0636002
9.18, 1.87535, 0.0640808
9.19, 1.87564, 0.0645592
9.2, 1.87591, 0.0650355
9.21, 1.87616, 0.0655099
9.22, 1.8764, 0.0659826
9.23, 1.87662, 0.0664537
9.24, 1.87683, 0.0669234
9.25, 1.87702, 0.0673919
9.26, 1.87719, 0.0678593
9.27, 1.87734, 0.0683259
9.28, 1.87748, 0.0687918
9.29, 1.8776, 0.0692572
9.3, 1.8777, 0.0697222
9.31, 1.87778, 0.0701871
9.32, 1.87785, 0.070652
9.33, 1.8779, 0.0711171
9.34, 1.87793, 0.0715826
9.35, 1.87795, 0.0720486
9.36, 1.87795, 0.0725152
9.37, 1.87793, 0.0729827
9.38, 1.87789, 0.0734511
9.39, 1.87783, 0.0739207
9.4, 1.87776, 0.0743915
9.41, 1.87767, 0.0748637
9.42, 1.87756, 0.0753374
9.43, 1.87743, 0.0758128
9.44, 1.87729, 0.0762898
9.45, 1.87713, 0.0767687
9.46, 1.87694, 0.0772495
9.47, 1.87675, 0.0777323
9.48, 1.87653, 0.0782172
9.49, 1.87629, 0.0787042
9.5, 1.87604, 0.0791935
9.51, 1.87577, 0.0796849
9.52, 1.87548, 0.0801787
9.53, 1.87517, 0.0806747
9.54, 1.87485, 0.0811731
9.55, 1.8745, 0.0816739
9.56, 1.87414, 0.0821769
9.57, 1.87376, 0.0826824
9.58, 1.87336, 0.0831901
9.59, 1.87294, 0.0837001
9.6, 1.87251, 0.0842124
9.61, 1.87205, 0.0847269
9.62, 1.87158, 0.0852436
9.63, 1.87109, 0.0857623
9.64, 1.87058, 0.0862832
9.65, 1.87005, 0.0868059
9.66, 1.8695, 0.0873306
9.67, 1.86894, 0.0878571
9.68, 1.86835, 0.0883853
9.69, 1.86775, 0.0889151
9.7, 1.86713, 0.0894464
9.71, 1.86649, 0.0899791
9.72, 1.86583, 0.0905131
9.73, 1.86516, 0.0910482
9.74, 1.86446, 0.0915844
9.75, 1.86375, 0.0921215
9.76, 1.86302, 0.0926594
9.77, 1.86227, 0.093198
9.78, 1.8615, 0.0937371
9.79, 1.86072, 0.0942766
9.8, 1.85991, 0.0948163
9.81, 1.85909, 0.0953562
9.82, 1.85825, 0.0958962
9.83, 1.85739, 0.0964359
9.84, 1.85651, 0.0969754
9.85, 1.85562, 0.0975146
9.86, 1.8547, 0.0980532
9.87, 1.85377, 0.0985912
9.88, 1.85282, 0.0991284
9.89, 1.85185, 0.0996648
9.9, 1.85086, 0.1002
9.91, 1.84986, 0.100734
9.92, 1.84883, 0.101268
9.93, 1.84779, 0.101799
9.94, 1.84673, 0.10233
9.95, 1.84565, 0.102859
9.96, 1.84456, 0.103386
9.97, 1.84344, 0.103912
9.98, 1.84231, 0.104436
9.99, 1.84116, 0.104959
10, 1.83999, 0.105479
10.01, 1.83881, 0.105998
10.02, 1.8376, 0.106515
10.03, 1.83638, 0.10703
10.04, 1.83514, 0.107544
10.05, 1.83388, 0.108055
10.06, 1.8326, 0.108564
10.07, 1.83131, 0.109072
10.08, 1.83, 0.109577
10.09, 1.82867, 0.110081
10.1, 1.82732, 0.110582
10.11, 1.82595, 0.111082
10.12, 1.82456, 0.111581
10.13, 1.82316, 0.112077
10.14, 1.82174, 0.112572
10.15, 1.8203, 0.113065
10.16, 1.81884, 0.113557
10.17, 1.81737, 0.114047
10.18, 1.81587, 0.114536
10.19, 1.81436, 0.115023
10.2, 1.81283, 0.115509
10.21, 1.81128, 0.115995
10.22, 1.80972, 0.116479
10.23, 1.80813, 0.116962
10.24, 1.80653, 0.117445
10.25, 1.80491, 0.117927
10.26, 1.80327, 0.118409
10.27, 1.80161, 0.11889
10.28, 1.79993, 0.119371
10.29, 1.79824, 0.119852
10.3, 1.79652, 0.120332
10.31, 1.79479, 0.120813
10.32, 1.79304, 0.121295
10.33, 1.79127, 0.121776
10.34, 1.78948, 0.122259
10.35, 1.78768, 0.122742
10.36, 1.78585, 0.123225
10.37, 1.78401, 0.12371
10.38, 1.78215, 0.124196
10.39, 1.78027, 0.124683
10.4, 1.77837, 0.125171
10.41, 1.77645, 0.125661
10.42, 1.77451, 0.126152
10.43, 1.77255, 0.126646
10.44, 1.77058, 0.12714
10.45, 1.76859, 0.127637
10.46, 1.76657, 0.128136
10.47, 1.76454, 0.128637
10.48, 1.76249, 0.12914
10.49, 1.76042, 0.129646
10.5, 1.75833, 0.130153
10.51, 1.75623, 0.130663
10.52, 1.7541, 0.131176
10.53, 1.75195, 0.131691
10.54, 1.74979, 0.132209
10.55, 1.74761, 0.13273
10.56, 1.7454, 0.133253
10.57, 1.74318, 0.133779
10.58, 1.74094, 0.134307
10.59, 1.73868, 0.134839
10.6, 1.7364, 0.135373
10.61, 1.73411, 0.13591
10.62, 1.73179, 0.136449
10.63, 1.72945, 0.136992
10.64, 1.7271, 0.137537
10.65, 1.72473, 0.138085
10.66, 1.72233, 0.138635
10.67, 1.71992, 0.139188
10.68, 1.71749, 0.139744
10.69, 1.71504, 0.140302
10.7, 1.71257, 0.140862
10.71, 1.71008, 0.141425
10.72, 1.70758, 0.14199
10.73, 1.70505, 0.142558
10.74, 1.70251, 0.143127
10.75, 1.69994, 0.143699
10.76, 1.69736, 0.144273
10.77, 1.69476, 0.144848
10.78, 1.69214, 0.145425
10.79, 1.6895, 0.146004
10.8, 1.68684, 0.146585
10.81, 1.68417, 0.147167
10.82, 1.68147, 0.14775
10.83, 1.67876, 0.148334
10.84, 1.67603, 0.14892
10.85, 1.67328, 0.149506
10.86, 1.67051, 0.150094
10.87, 1.66772, 0.150682
10.88, 1.66492, 0.151271
10.89, 1.66209, 0.151861
10.9, 1.65925, 0.152451
10.91, 1.65639, 0.153041
10.92, 1.65351, 0.153631
10.93, 1.65062, 0.154222
10.94, 1.6477, 0.154813
10.95, 1.64477, 0.155403
10.96, 1.64182, 0.155993
10.97, 1.63885, 0.156584
10.98, 1.63586, 0.157173
10.99, 1.63285, 0.157763
11, 1.62983, 0.158351
11.01, 1.62679, 0.15894
11.02, 1.62373, 0.159527
11.03, 1.62065, 0.160114
11.04, 1.61756, 0.1607
11.05, 1.61444, 0.161285
11.06, 1.61131, 0.16187
11.07, 1.60817, 0.162453
11.08, 1.605, 0.163036
11.09, 1.60182, 0.163618
11.1, 1.59862, 0.164198
11.11, 1.5954, 0.164778
11.12, 1.59216, 0.165357
11.13, 1.58891, 0.165934
11.14, 1.58564, 0.166511
11.15, 1.58235, 0.167087
11.16, 1.57904, 0.167662
11.17, 1.57572, 0.168236
11.18, 1.57238, 0.168809
11.19, 1.56902, 0.169381
11.2, 1.56564, 0.169953
11.21, 1.56225, 0.170523
11.22, 1.55884, 0.171094
11.23, 1.55541, 0.171663
11.24, 1.55197, 0.172232
11.25, 1.5485, 0.172801
11.26, 1.54502, 0.173369
11.27, 1.54153, 0.173937
11.28, 1.53801, 0.174505
11.29, 1.53448, 0.175073
11.3, 1.53093, 0.17564
11.31, 1.52737, 0.176208
11.32, 1.52378, 0.176776
11.33, 1.52018, 0.177345
11.34, 1.51656, 0.177913
11.35, 1.51293, 0.178483
11.36, 1.50927, 0.179053
11.37, 1.5056, 0.179623
11.38, 1.50192, 0.180195
11.39, 1.49821, 0.180767
11.4, 1.49449, 0.181341
11.41, 1.49075, 0.181916
11.42, 1.487, 0.182492
11.43, 1.48322, 0.18307
11.44, 1.47943, 0.183649
11.45, 1.47562, 0.184229
11.46, 1.4718, 0.184812
11.47, 1.46795, 0.185396
11.48, 1.46409, 0.185982
11.49, 1.46022, 0.186571
11.5, 1.45632, 0.187161
11.51, 1.45241, 0.187753
11.52, 1.44848, 0.188348
11.53, 1.44454, 0.188945
11.54, 1.44057, 0.189545
11.55, 1.43659, 0.190147
11.56, 1.43259, 0.190751
11.57, 1.42858, 0.191358
11.58, 1.42455, 0.191968
11.59, 1.4205, 0.19258
11.6, 1.41643, 0.193195
11.61, 1.41235, 0.193813
11.62, 1.40825, 0.194434
11.63, 1.40413, 0.195057
11.64, 1.4, 0.195683
11.65, 1.39585, 0.196312
11.66, 1.39168, 0.196944
11.67, 1.3875, 0.197578
11.68, 1.38329, 0.198216
11.69, 1.37908, 0.198856
11.7, 1.37484, 0.199498
11.71, 1.37059, 0.200144
11.72, 1.36632, 0.200791
11.73, 1.36204, 0.201442
11.74, 1.35773, 0.202095
11.75, 1.35342, 0.202751
11.76, 1.34908, 0.203408
11.77, 1.34473, 0.204069
11.78, 1.34036, 0.204731
11.79, 1.33598, 0.205396
11.8, 1.33158, 0.206063
11.81, 1.32716, 0.206731
11.82, 1.32273, 0.207402
11.83, 1.31828, 0.208075
11.84, 1.31382, 0.208749
11.85, 1.30934, 0.209425
11.86, 1.30484, 0.210103
11.87, 1.30033, 0.210782
11.88, 1.2958, 0.211462
11.89, 1.29125, 0.212144
11.9, 1.28669, 0.212826
11.91, 1.28212, 0.21351
11.92, 1.27753, 0.214195
11.93, 1.27292, 0.21488
11.94, 1.2683, 0.215567
11.95, 1.26367, 0.216254
11.96, 1.25901, 0.216941
11.97, 1.25435, 0.217629
11.98, 1.24966, 0.218317
11.99, 1.24497, 0.219006
12, 1.24025, 0.219695
12.01, 1.23553, 0.220384
12.02, 1.23079, 0.221072
12.03, 1.22603, 0.221761
12.04, 1.22126, 0.22245
12.05, 1.21647, 0.223138
12.06, 1.21167, 0.223826
12.07, 1.20686, 0.224514
12.08, 1.20203, 0.225202
12.09, 1.19718, 0.225889
12.1, 1.19233, 0.226575
12.11, 1.18745, 0.227261
12.12, 1.18257, 0.227947
12.13, 1.17767, 0.228632
12.14, 1.17275, 0.229316
12.15, 1.16782, 0.23
12.16, 1.16288, 0.230684
12.17, 1.15793, 0.231366
12.18, 1.15296, 0.232048
12.19, 1.14797, 0.23273
12.2, 1.14297, 0.233411
12.21, 1.13796, 0.234091
12.22, 1.13294, 0.234771
12.23, 1.1279, 0.235451
12.24, 1.12285, 0.23613
12.25, 1.11778, 0.236809
12.26, 1.1127, 0.237488
12.27, 1.10761, 0.238166
12.28, 1.1025, 0.238844
12.29, 1.09738, 0.239522
12.3, 1.09225, 0.2402
12.31, 1.08711, 0.240878
12.32, 1.08195, 0.241556
12.33, 1.07677, 0.242234
12.34, 1.07159, 0.242913
12.35, 1.06639, 0.243592
12.36, 1.06118, 0.244272
12.37, 1.05596, 0.244952
12.38, 1.05072, 0.245632
12.39, 1.04547, 0.246314
12.4, 1.0402, 0.246996
12.41, 1.03493, 0.24768
12.42, 1.02964, 0.248364
12.43, 1.02434, 0.24905
12.44, 1.01902, 0.249737
12.45, 1.01369, 0.250425
12.46, 1.00835, 0.251115
12.47, 1.003, 0.251806
12.48, 0.997634, 0.252499
12.49, 0.992255, 0.253194
12.5, 0.986864, 0.253891
12.51, 0.98146, 0.254589
12.52, 0.976044, 0.25529
12.53, 0.970616, 0.255993
12.54, 0.965174, 0.256698
12.55, 0.959721, 0.257405
12.56, 0.954255, 0.258114
12.57, 0.948776, 0.258826
12.58, 0.943286, 0.25954
12.59, 0.937783, 0.260257
12.6, 0.932268, 0.260977
12.61, 0.926741, 0.261699
12.62, 0.921201, 0.262423
12.63, 0.91565, 0.26315
12.64, 0.910086, 0.26388
12.65, 0.904511, 0.264613
12.66, 0.898924, 0.265348
12.67, 0.893325, 0.266086
12.68, 0.887714, 0.266827
12.69, 0.882091, 0.26757
12.7, 0.876457, 0.268316
12.71, 0.870811, 0.269065
12.72, 0.865154, 0.269817
12.73, 0.859485, 0.270571
12.74, 0.853805, 0.271328
12.75, 0.848114, 0.272087
12.76, 0.842411, 0.272849
12.77, 0.836697, 0.273613
12.78, 0.830972, 0.27438
12.79, 0.825236, 0.275149
12.8, 0.81949, 0.27592
12.81, 0.813732, 0.276694
12.82, 0.807963, 0.277469
12.83, 0.802184, 0.278247
12.84, 0.796395, 0.279027
12.85, 0.790595, 0.279808
12.86, 0.784784, 0.280592
12.87, 0.778963, 0.281377
12.88, 0.773132, 0.282163
12.89, 0.767291, 0.282951
12.9, 0.76144, 0.283741
12.91, 0.755578, 0.284532
12.92, 0.749707, 0.285324
12.93, 0.743827, 0.286117
12.94, 0.737936, 0.286912
12.95, 0.732036, 0.287707
12.96, 0.726127, 0.288503
12.97, 0.720208, 0.2893
12.98, 0.714279, 0.290098
12.99, 0.708342, 0.290896
13, 0.702396, 0.291694
13.01, 0.69644, 0.292493
13.02, 0.690476, 0.293293
13.03, 0.684503, 0.294092
13.04, 0.678521, 0.294892
13.05, 0.67253, 0.295691
13.06, 0.666532, 0.296491
13.07, 0.660524, 0.297291
13.08, 0.654508, 0.29809
13.09, 0.648484, 0.29889
13.1, 0.642452, 0.299689
13.11, 0.636412, 0.300488
13.12, 0.630364, 0.301286
13.13, 0.624308, 0.302084
13.14, 0.618244, 0.302882
13.15, 0.612172, 0.30368
13.16, 0.606093, 0.304477
13.17, 0.600006, 0.305273
13.18, 0.593912, 0.30607
13.19, 0.58781, 0.306866
13.2, 0.581701, 0.307661
13.21, 0.575585, 0.308456
13.22, 0.569461, 0.309251
13.23, 0.56333, 0.310045
13.24, 0.557193, 0.310839
13.25, 0.551048, 0.311633
13.26, 0.544897, 0.312427
13.27, 0.538738, 0.31322
13.28, 0.532573, 0.314013
13.29, 0.526401, 0.314807
13.3, 0.520223, 0.3156
13.31, 0.514038, 0.316393
13.32, 0.507846, 0.317187
13.33, 0.501648, 0.317981
13.34, 0.495444, 0.318775
13.35, 0.489233, 0.319569
13.36, 0.483016, 0.320364
13.37, 0.476793, 0.32116
13.38, 0.470564, 0.321956
13.39, 0.464328, 0.322753
13.4, 0.458087, 0.323551
13.41, 0.451839, 0.324349
13.42, 0.445586, 0.325149
13.43, 0.439326, 0.32595
13.44, 0.433061, 0.326752
13.45, 0.42679, 0.327556
13.46, 0.420514, 0.328361
13.47, 0.414231, 0.329168
13.48, 0.407943, 0.329976
13.49, 0.40165, 0.330786
13.5, 0.395351, 0.331597
13.51, 0.389046, 0.332411
13.52, 0.382737, 0.333226
13.53, 0.376422, 0.334044
13.54, 0.370101, 0.334864
13.55, 0.363776, 0.335685
13.56, 0.357445, 0.33651
13.57, 0.351109, 0.337336
13.58, 0.344768, 0.338165
13.59, 0.338422, 0.338996
13.6, 0.332072, 0.33983
13.61, 0.325716, 0.340666
13.62, 0.319356, 0.341505
13.63, 0.312991, 0.342347
13.64, 0.306622, 0.343191
13.65, 0.300248, 0.344038
13.66, 0.29387, 0.344887
13.67, 0.287487, 0.345739
13.68, 0.2811, 0.346594
13.69, 0.274709, 0.347451
13.7, 0.268313, 0.348311
13.71, 0.261914, 0.349173
13.72, 0.255511, 0.350039
13.73, 0.249104, 0.350906
13.74, 0.242693, 0.351776
13.75, 0.236278, 0.352649
13.76, 0.22986, 0.353524
13.77, 0.223438, 0.354402
13.78, 0.217013, 0.355282
13.79, 0.210585, 0.356164
13.8, 0.204154, 0.357048
13.81, 0.197719, 0.357934
13.82, 0.191282, 0.358823
13.83, 0.184841, 0.359713
13.84, 0.178398, 0.360605
13.85, 0.171953, 0.361499
13.86, 0.165504, 0.362395
13.87, 0.159054, 0.363292
13.88, 0.152601, 0.364191
13.89, 0.146145, 0.365091
13.9, 0.139688, 0.365992
13.91, 0.133229, 0.366895
13.92, 0.126768, 0.367799
13.93, 0.120305, 0.368704
13.94, 0.11384, 0.369609
13.95, 0.107374, 0.370516
13.96, 0.100907, 0.371423
13.97, 0.0944378, 0.372331
13.98, 0.0879678, 0.37324
13.99, 0.0814967, 0.374149
14, 0.0750247, 0.375058
14.01, 0.0685518, 0.375968
14.02, 0.0620781, 0.376877
14.03, 0.0556039, 0.377787
14.04, 0.0491291, 0.378697
14.05, 0.0426539, 0.379607
14.06, 0.0361784, 0.380517
14.07, 0.0297027, 0.381427
14.08, 0.0232269, 0.382337
14.09, 0.0167512, 0.383246
14.1, 0.0102755, 0.384155
14.11, 0.00380007, 0.385064
14.12, -0.00267504, 0.385973
14.13, -0.00914974, 0.386881
14.14, -0.0156239, 0.387789
14.15, -0.0220975, 0.388696
14.16, -0.0285704, 0.389603
14.17, -0.0350425, 0.39051
14.18, -0.0415137, 0.391416
14.19, -0.0479839, 0.392322
14.2, -0.0544531, 0.393228
14.21, -0.0609211, 0.394133
14.22, -0.0673878, 0.395038
14.23, -0.0738533, 0.395943
14.24, -0.0803174, 0.396847
14.25, -0.08678, 0.397752
14.26, -0.0932411, 0.398656
14.27, -0.0997005, 0.399561
14.28, -0.106158, 0.400465
14.29, -0.112614, 0.40137
14.3, -0.119068, 0.402275
14.31, -0.12552, 0.40318
14.32, -0.131971, 0.404086
14.33, -0.138419, 0.404992
14.34, -0.144865, 0.405898
14.35, -0.151309, 0.406805
14.36, -0.15775, 0.407713
14.37, -0.164189, 0.408622
14.38, -0.170626, 0.409532
14.39, -0.177061, 0.410443
14.4, -0.183493, 0.411355
14.41, -0.189922, 0.412268
14.42, -0.196348, 0.413182
14.43, -0.202772, 0.414098
14.44, -0.209194, 0.415015
14.45, -0.215612, 0.415934
14.46, -0.222027, 0.416855
14.47, -0.22844, 0.417778
14.48, -0.234849, 0.418702
14.49, -0.241255, 0.419628
14.5, -0.247658, 0.420557
14.51, -0.254058, 0.421487
14.52, -0.260455, 0.42242
14.53, -0.266848, 0.423355
14.54, -0.273238, 0.424292
14.55, -0.279624, 0.425232
14.56, -0.286006, 0.426174
14.57, -0.292385, 0.427118
14.58, -0.29876, 0.428065
14.59, -0.305132, 0.429014
14.6, -0.311499, 0.429966
14.61, -0.317862, 0.430921
14.62, -0.324221, 0.431878
14.63, -0.330576, 0.432838
14.64, -0.336927, 0.4338
14.65, -0.343274, 0.434765
14.66, -0.349615, 0.435733
14.67, -0.355953, 0.436702
14.68, -0.362286, 0.437675
14.69, -0.368613, 0.43865
14.7, -0.374937, 0.439627
14.71, -0.381255, 0.440607
14.72, -0.387568, 0.441589
14.73, -0.393876, 0.442573
14.74, -0.400179, 0.44356
14.75, -0.406476, 0.444548
14.76, -0.412768, 0.445539
14.77, -0.419054, 0.446531
14.78, -0.425334, 0.447526
14.79, -0.431609, 0.448522
14.8, -0.437878, 0.44952
14.81, -0.444141, 0.450519
14.82, -0.450397, 0.45152
14.83, -0.456647, 0.452523
14.84, -0.462891, 0.453527
14.85, -0.469129, 0.454532
14.86, -0.475359, 0.455538
14.87, -0.481583, 0.456545
14.88, -0.4878, 0.457553
14.89, -0.49401, 0.458561
14.9, -0.500213, 0.459571
14.91, -0.506409, 0.460581
14.92, -0.512597, 0.461592
14.93, -0.518778, 0.462602
14.94, -0.524951, 0.463614
14.95, -0.531117, 0.464625
14.96, -0.537274, 0.465637
14.97, -0.543424, 0.466648
14.98, -0.549566, 0.46766
14.99, -0.555699, 0.468672
15, -0.561824, 0.469683
15.01, -0.567941, 0.470694
15.02, -0.574049, 0.471705
15.03, -0.580149, 0.472716
15.04, -0.58624, 0.473726
15.05, -0.592322, 0.474736
15.06, -0.598395, 0.475745
15.07, -0.604459, 0.476754
15.08, -0.610515, 0.477763
15.09, -0.61656, 0.478771
15.1, -0.622597, 0.479778
15.11, -0.628624, 0.480786
15.12, -0.634642, 0.481792
15.13, -0.64065, 0.482799
15.14, -0.646648, 0.483804
15.15, -0.652637, 0.48481
15.16, -0.658616, 0.485815
15.17, -0.664585, 0.48682
15.18, -0.670544, 0.487825
15.19, -0.676493, 0.48883
15.2, -0.682431, 0.489834
15.21, -0.68836, 0.490839
15.22, -0.694278, 0.491844
15.23, -0.700186, 0.492848
15.24, -0.706084, 0.493853
15.25, -0.711971, 0.494859
15.26, -0.717847, 0.495865
15.27, -0.723713, 0.496871
15.28, -0.729568, 0.497878
15.29, -0.735413, 0.498886
15.3, -0.741246, 0.499894
15.31, -0.747069, 0.500904
15.32, -0.752881, 0.501914
15.33, -0.758682, 0.502926
15.34, -0.764472, 0.503939
15.35, -0.770251, 0.504953
15.36, -0.776019, 0.505969
15.37, -0.781775, 0.506987
15.38, -0.78752, 0.508006
15.39, -0.793254, 0.509026
15.4, -0.798977, 0.510049
15.41, -0.804688, 0.511073
15.42, -0.810387, 0.5121
15.43, -0.816075, 0.513129
15.44, -0.821752, 0.514159
15.45, -0.827416, 0.515192
15.46, -0.833069, 0.516228
15.47, -0.83871, 0.517265
15.48, -0.844339, 0.518305
15.49, -0.849956, 0.519348
15.5, -0.855561, 0.520393
15.51, -0.861154, 0.52144
15.52, -0.866735, 0.52249
15.53, -0.872303, 0.523542
15.54, -0.877859, 0.524597
15.55, -0.883403, 0.525654
15.56, -0.888934, 0.526714
15.57, -0.894452, 0.527776
15.58, -0.899957, 0.528841
15.59, -0.90545, 0.529908
15.6, -0.91093, 0.530977
15.61, -0.916397, 0.532049
15.62, -0.92185, 0.533123
15.63, -0.927291, 0.534199
15.64, -0.932718, 0.535277
15.65, -0.938131, 0.536358
15.66, -0.943532, 0.53744
15.67, -0.948918, 0.538524
15.68, -0.954291, 0.539609
15.69, -0.95965, 0.540697
15.7, -0.964995, 0.541786
15.71, -0.970325, 0.542876
15.72, -0.975642, 0.543968
15.73, -0.980944, 0.545061
15.74, -0.986232, 0.546155
15.75, -0.991506, 0.54725
15.76, -0.996764, 0.548346
15.77, -1.00201, 0.549443
15.78, -1.00724, 0.55054
15.79, -1.01245, 0.551638
15.8, -1.01765, 0.552736
15.81, -1.02283, 0.553835
15.82, -1.028, 0.554934
15.83, -1.03316, 0.556033
15.84, -1.03829, 0.557132
15.85, -1.04341, 0.558231
15.86, -1.04852, 0.55933
15.87, -1.05361, 0.560428
15.88, -1.05868, 0.561527
15.89, -1.06374, 0.562624
15.9, -1.06878, 0.563722
15.91, -1.07381, 0.564819
15.92, -1.07882, 0.565915
15.93, -1.08381, 0.567011
15.94, -1.08879, 0.568106
15.95, -1.09375, 0.569201
15.96, -1.09869, 0.570295
15.97, -1.10362, 0.571388
15.98, -1.10853, 0.572481
15.99, -1.11342, 0.573573
16, -1.11829, 0.574664
16.01, -1.12315, 0.575755
16.02, -1.12799, 0.576845
16.03, -1.13281, 0.577935
16.04, -1.13762, 0.579025
16.05, -1.14241, 0.580113
16.06, -1.14718, 0.581202
16.07, -1.15193, 0.58229
16.08, -1.15667, 0.583379
16.09, -1.16139, 0.584467
16.1, -1.16609, 0.585555
16.11, -1.17077, 0.586643
16.12, -1.17544, 0.587732
16.13, -1.18008, 0.58882
16.14, -1.18471, 0.58991
16.15, -1.18933, 0.590999
16.16, -1.19392, 0.59209
16.17, -1.1985, 0.593181
16.18, -1.20305, 0.594273
16.19, -1.20759, 0.595366
16.2, -1.21211, 0.596461
16.21, -1.21662, 0.597556
16.22, -1.2211, 0.598653
16.23, -1.22557, 0.599751
16.24, -1.23002, 0.600851
16.25, -1.23445, 0.601953
16.26, -1.23886, 0.603057
16.27, -1.24325, 0.604162
16.28, -1.24763, 0.605269
16.29, -1.25198, 0.606379
16.3, -1.25632, 0.60749
16.31, -1.26064, 0.608604
16.32, -1.26494, 0.60972
16.33, -1.26922, 0.610838
16.34, -1.27349, 0.611959
16.35, -1.27773, 0.613082
16.36, -1.28196, 0.614207
16.37, -1.28616, 0.615335
16.38, -1.29035, 0.616465
16.39, -1.29452, 0.617598
16.4, -1.29867, 0.618733
16.41, -1.3028, 0.619871
16.42, -1.30691, 0.621011
16.43, -1.311, 0.622153
16.44, -1.31508, 0.623298
16.45, -1.31913, 0.624444
16.46, -1.32316, 0.625593
16.47, -1.32717, 0.626744
16.48, -1.33117, 0.627897
16.49, -1.33514, 0.629052
16.5, -1.33909, 0.630208
16.51, -1.34303, 0.631367
16.52, -1.34694, 0.632526
16.53, -1.35084, 0.633688
16.54, -1.35471, 0.63485
16.55, -1.35856, 0.636014
16.56, -1.36239, 0.637179
16.57, -1.3662, 0.638345
16.58, -1.36999, 0.639511
16.59, -1.37376, 0.640679
16.6, -1.37751, 0.641846
16.61, -1.38124, 0.643015
16.62, -1.38495, 0.644183
16.63, -1.38863, 0.645352
16.64, -1.39229, 0.64652
16.65, -1.39594, 0.647689
16.66, -1.39956, 0.648857
16.67, -1.40316, 0.650026
16.68, -1.40673, 0.651193
16.69, -1.41029, 0.652361
16.7, -1.41382, 0.653527
16.71, -1.41734, 0.654693
16.72, -1.42083, 0.655858
16.73, -1.42429, 0.657023
16.74, -1.42774, 0.658186
16.75, -1.43116, 0.659349
16.76, -1.43456, 0.660511
16.77, -1.43794, 0.661671
16.78, -1.44129, 0.662831
16.79, -1.44463, 0.66399
16.8, -1.44794, 0.665148
16.81, -1.45123, 0.666305
16.82, -1.45449, 0.667461
16.83, -1.45773, 0.668617
16.84, -1.46095, 0.669771
16.85, -1.46415, 0.670925
16.86, -1.46732, 0.672079
16.87, -1.47047, 0.673231
16.88, -1.4736, 0.674384
16.89, -1.47671, 0.675536
16.9, -1.47979, 0.676688
16.91, -1.48285, 0.677839
16.92, -1.48588, 0.678991
16.93, -1.48889, 0.680143
16.94, -1.49188, 0.681295
16.95, -1.49485, 0.682448
16.96, -1.49779, 0.683601
16.97, -1.50071, 0.684755
16.98, -1.50361, 0.685909
16.99, -1.50648, 0.687065
17, -1.50934, 0.688222
17.01, -1.51216, 0.68938
17.02, -1.51497, 0.690539
17.03, -1.51775, 0.6917
17.04, -1.52051, 0.692863
17.05, -1.52324, 0.694027
17.06, -1.52595, 0.695193
17.07, -1.52864, 0.696361
17.08, -1.53131, 0.697531
17.09, -1.53395, 0.698704
17.1, -1.53657, 0.699878
17.11, -1.53916, 0.701055
17.12, -1.54173, 0.702234
17.13, -1.54428, 0.703416
17.14, -1.54681, 0.7046
17.15, -1.54931, 0.705786
17.16, -1.55179, 0.706975
17.17, -1.55424, 0.708166
17.18, -1.55667, 0.709359
17.19, -1.55908, 0.710555
17.2, -1.56146, 0.711753
17.21, -1.56382, 0.712954
17.22, -1.56616, 0.714156
17.23, -1.56847, 0.715361
17.24, -1.57076, 0.716567
17.25, -1.57302, 0.717776
17.26, -1.57526, 0.718986
17.27, -1.57748, 0.720197
17.28, -1.57967, 0.72141
17.29, -1.58184, 0.722625
17.3, -1.58398, 0.72384
17.31, -1.5861, 0.725057
17.32, -1.58819, 0.726275
17.33, -1.59026, 0.727493
17.34, -1.5923, 0.728711
17.35, -1.59432, 0.729931
17.36, -1.59632, 0.73115
17.37, -1.59829, 0.732369
17.38, -1.60023, 0.733588
17.39, -1.60215, 0.734807
17.4, -1.60404, 0.736026
17.41, -1.60591, 0.737244
17.42, -1.60776, 0.738461
17.43, -1.60957, 0.739678
17.44, -1.61137, 0.740894
17.45, -1.61313, 0.742108
17.46, -1.61487, 0.743322
17.47, -1.61659, 0.744534
17.48, -1.61828, 0.745745
17.49, -1.61994, 0.746955
17.5, -1.62158, 0.748163
17.51, -1.62319, 0.74937
17.52, -1.62478, 0.750576
17.53, -1.62634, 0.751781
17.54, -1.62787, 0.752984
17.55, -1.62938, 0.754186
17.56, -1.63086, 0.755386
17.57, -1.63231, 0.756586
17.58, -1.63374, 0.757784
17.59, -1.63515, 0.758982
17.6, -1.63652, 0.760178
17.61, -1.63788, 0.761374
17.62, -1.6392, 0.76257
17.63, -1.6405, 0.763765
17.64, -1.64177, 0.764959
17.65, -1.64302, 0.766154
17.66, -1.64424, 0.767348
17.67, -1.64544, 0.768543
17.68, -1.64661, 0.769738
17.69, -1.64775, 0.770934
17.7, -1.64887, 0.772131
17.71, -1.64996, 0.773328
17.72, -1.65102, 0.774527
17.73, -1.65206, 0.775727
17.74, -1.65308, 0.776928
17.75, -1.65406, 0.778131
17.76, -1.65503, 0.779336
17.77, -1.65596, 0.780543
17.78, -1.65687, 0.781751
17.79, -1.65776, 0.782962
17.8, -1.65862, 0.784175
17.81, -1.65945, 0.785391
17.82, -1.66026, 0.786608
17.83, -1.66105, 0.787828
17.84, -1.6618, 0.789051
17.85, -1.66253, 0.790276
17.86, -1.66324, 0.791503
17.87, -1.66392, 0.792733
17.88, -1.66457, 0.793966
17.89, -1.6652, 0.7952
17.9, -1.6658, 0.796437
17.91, -1.66638, 0.797676
17.92, -1.66693, 0.798917
17.93, -1.66746, 0.80016
17.94, -1.66796, 0.801404
17.95, -1.66843, 0.802651
17.96, -1.66888, 0.803898
17.97, -1.6693, 0.805147
17.98, -1.66969, 0.806397
17.99, -1.67006, 0.807647
18, -1.6704, 0.808899
18.01, -1.67072, 0.81015
18.02, -1.67101, 0.811402
18.03, -1.67127, 0.812654
18.04, -1.6715, 0.813905
18.05, -1.67171, 0.815156
18.06, -1.67189, 0.816407
18.07, -1.67205, 0.817656
18.08, -1.67218, 0.818905
18.09, -1.67228, 0.820152
18.1, -1.67235, 0.821398
18.11, -1.6724, 0.822642
18.12, -1.67242, 0.823885
18.13, -1.67241, 0.825126
18.14, -1.67238, 0.826366
18.15, -1.67231, 0.827603
18.16, -1.67222, 0.828839
18.17, -1.67211, 0.830073
18.18, -1.67196, 0.831304
18.19, -1.67179, 0.832534
18.2, -1.67159, 0.833763
18.21, -1.67137, 0.834989
18.22, -1.67111, 0.836214
18.23, -1.67083, 0.837438
18.24, -1.67053, 0.83866
18.25, -1.67019, 0.839881
18.26, -1.66983, 0.841101
18.27, -1.66944, 0.84232
18.28, -1.66903, 0.843539
18.29, -1.66858, 0.844757
18.3, -1.66811, 0.845976
18.31, -1.66762, 0.847194
18.32, -1.66709, 0.848413
18.33, -1.66655, 0.849633
18.34, -1.66597, 0.850853
18.35, -1.66537, 0.852075
18.36, -1.66474, 0.853298
18.37, -1.66408, 0.854522
18.38, -1.6634, 0.855749
18.39, -1.66269, 0.856977
18.4, -1.66196, 0.858207
18.41, -1.6612, 0.85944
18.42, -1.66042, 0.860675
18.43, -1.6596, 0.861913
18.44, -1.65877, 0.863154
18.45, -1.6579, 0.864397
18.46, -1.65701, 0.865642
18.47, -1.6561, 0.866891
18.48, -1.65516, 0.868142
18.49, -1.65419, 0.869395
18.5, -1.6532, 0.870651
18.51, -1.65218, 0.871909
18.52, -1.65113, 0.87317
18.53, -1.65006, 0.874432
18.54, -1.64896, 0.875696
18.55, -1.64784, 0.876961
18.56, -1.64669, 0.878228
18.57, -1.64552, 0.879496
18.58, -1.64432, 0.880764
18.59, -1.64309, 0.882033
18.6, -1.64183, 0.883301
18.61, -1.64055, 0.88457
18.62, -1.63924, 0.885838
18.63, -1.63791, 0.887105
18.64, -1.63655, 0.88837
18.65, -1.63516, 0.889635
18.66, -1.63374, 0.890897
18.67, -1.6323, 0.892158
18.68, -1.63083, 0.893417
18.69, -1.62934, 0.894673
18.7, -1.62781, 0.895927
18.71, -1.62626, 0.897179
18.72, -1.62469, 0.898428
18.73, -1.62308, 0.899674
18.74, -1.62145, 0.900917
18.75, -1.61979, 0.902158
18.76, -1.61811, 0.903397
18.77, -1.6164, 0.904633
18.78, -1.61466, 0.905867
18.79, -1.61289, 0.907099
18.8, -1.6111, 0.908329
18.81, -1.60928, 0.909558
18.82, -1.60744, 0.910786
18.83, -1.60556, 0.912013
18.84, -1.60367, 0.91324
18.85, -1.60174, 0.914467
18.86, -1.59979, 0.915694
18.87, -1.59782, 0.916921
18.88, -1.59581, 0.91815
18.89, -1.59379, 0.91938
18.9, -1.59174, 0.920612
18.91, -1.58966, 0.921846
18.92, -1.58756, 0.923082
18.93, -1.58543, 0.924321
18.94, -1.58328, 0.925563
18.95, -1.5811, 0.926808
18.96, -1.5789, 0.928056
18.97, -1.57667, 0.929307
18.98, -1.57442, 0.930561
18.99, -1.57214, 0.931818
19, -1.56984, 0.933079
19.01, -1.56751, 0.934342
19.02, -1.56516, 0.935608
19.03, -1.56279, 0.936876
19.04, -1.56039, 0.938146
19.05, -1.55796, 0.939418
19.06, -1.55551, 0.940691
19.07, -1.55304, 0.941965
19.08, -1.55054, 0.943239
19.09, -1.54801, 0.944513
19.1, -1.54546, 0.945786
19.11, -1.54289, 0.947058
19.12, -1.54029, 0.948329
19.13, -1.53766, 0.949597
19.14, -1.53501, 0.950863
19.15, -1.53233, 0.952126
19.16, -1.52962, 0.953386
19.17, -1.52689, 0.954642
19.18, -1.52413, 0.955894
19.19, -1.52135, 0.957143
19.2, -1.51854, 0.958388
19.21, -1.51571, 0.95963
19.22, -1.51285, 0.960867
19.23, -1.50996, 0.962102
19.24, -1.50705, 0.963333
19.25, -1.50411, 0.964562
19.26, -1.50115, 0.965789
19.27, -1.49816, 0.967014
19.28, -1.49515, 0.968238
19.29, -1.49211, 0.969462
19.3, -1.48905, 0.970686
19.31, -1.48597, 0.971911
19.32, -1.48286, 0.973137
19.33, -1.47972, 0.974366
19.34, -1.47657, 0.975597
19.35, -1.47339, 0.976832
19.36, -1.47018, 0.97807
19.37, -1.46696, 0.979313
19.38, -1.46371, 0.980559
19.39, -1.46044, 0.98181
19.4, -1.45715, 0.983065
19.41, -1.45383, 0.984324
19.42, -1.45049, 0.985587
19.43, -1.44713, 0.986854
19.44, -1.44374, 0.988123
19.45, -1.44034, 0.989394
19.46, -1.43691, 0.990667
19.47, -1.43345, 0.99194
19.48, -1.42997, 0.993212
19.49, -1.42647, 0.994484
19.5, -1.42295, 0.995752
19.51, -1.4194, 0.997018
19.52, -1.41582, 0.998279
19.53, -1.41222, 0.999536
19.54, -1.4086, 1.00079
19.55, -1.40495, 1.00203
19.56, -1.40128, 1.00327
19.57, -1.39758, 1.00451
19.58, -1.39386, 1.00574
19.59, -1.39011, 1.00696
19.6, -1.38634, 1.00818
19.61, -1.38255, 1.0094
19.62, -1.37873, 1.01061
19.63, -1.37489, 1.01183
19.64, -1.37102, 1.01304
19.65, -1.36714, 1.01426
19.66, -1.36323, 1.01548
19.67, -1.3593, 1.0167
19.68, -1.35535, 1.01793
19.69, -1.35139, 1.01917
19.7, -1.3474, 1.02042
19.71, -1.34339, 1.02167
19.72, -1.33936, 1.02293
19.73, -1.33531, 1.02419
19.74, -1.33124, 1.02546
19.75, -1.32715, 1.02673
19.76, -1.32303, 1.028
19.77, -1.3189, 1.02927
19.78, -1.31474, 1.03053
19.79, -1.31056, 1.03179
19.8, -1.30635, 1.03304
19.81, -1.30212, 1.03428
19.82, -1.29787, 1.03551
19.83, -1.29359, 1.03672
19.84, -1.28928, 1.03793
19.85, -1.28496, 1.03914
19.86, -1.28061, 1.04034
19.87, -1.27624, 1.04154
19.88, -1.27185, 1.04275
19.89, -1.26744, 1.04396
19.9, -1.26302, 1.0452
19.91, -1.25858, 1.04645
19.92, -1.25412, 1.04771
19.93, -1.24965, 1.04899
19.94, -1.24516, 1.05026
19.95, -1.24064, 1.05153
19.96, -1.23609, 1.05276
19.97, -1.23152, 1.05397
19.98, -1.22691, 1.05515
19.99, -1.22229, 1.05634
20, -2.27529, -0.577726
20.01, -2.27063, -0.576495
20.02, -2.26594, -0.575265
20.03, -2.2612, -0.574034
20.04, -2.25643, -0.572803
20.05, -2.25162, -0.571571
20.06, -2.24678, -0.57034
20.07, -2.24189, -0.569108
20.08, -2.23697, -0.567876
20.09, -2.23202, -0.566644
20.1, -2.22702, -0.565411
20.11, -2.22199, -0.564178
20.12, -2.21692, -0.562945
20.13, -2.21181, -0.561712
20.14, -2.20667, -0.560478
20.15, -2.20149, -0.559245
20.16, -2.19627, -0.558011
20.17, -2.19102, -0.556776
20.18, -2.18573, -0.555542
20.19, -2.1804, -0.554307
20.2, -2.17504, -0.553072
20.21, -2.16964, -0.551836
20.22, -2.16421, -0.550601
20.23, -2.15874, -0.549365
20.24, -2.15323, -0.548129
20.25, -2.14769, -0.546893
20.26, -2.14211, -0.545656
20.27, -2.13649, -0.544419
20.28, -2.13084, -0.543182
20.29, -2.12516, -0.541944
20.3, -2.11944, -0.540706
20.31, -2.11368, -0.539468
20.32, -2.10789, -0.53823
20.33, -2.10206, -0.536992
20.34, -2.0962, -0.535753
20.35, -2.0903, -0.534514
20.36, -2.08437, -0.533274
20.37, -2.0784, -0.532034
20.38, -2.0724, -0.530794
20.39, -2.06636, -0.529554
20.4, -2.06029, -0.528314
20.41, -2.05418, -0.527073
20.42, -2.04804, -0.525832
20.43, -2.04187, -0.52459
20.44, -2.03566, -0.523348
20.45, -2.02941, -0.522106
20.46, -2.02314, -0.520864
20.47, -2.01682, -0.519621
20.48, -2.01048, -0.518378
20.49, -2.0041, -0.517135
20.5, -1.99769, -0.515892
20.51, -1.99124, -0.514648
20.52, -1.98476, -0.513404
20.53, -1.97825, -0.512159
20.54, -1.9717, -0.510915
20.55, -1.96513, -0.50967
20.56, -1.95851, -0.508424
20.57, -1.95187, -0.507179
20.58, -1.94519, -0.505933
20.59, -1.93848, -0.504686
20.6, -1.93174, -0.50344
20.61, -1.92496, -0.502193
20.62, -1.91815, -0.500946
20.63, -1.91131, -0.499698
20.64, -1.90444, -0.49845
20.65, -1.89754, -0.497202
20.66, -1.8906, -0.495954
20.67, -1.88363, -0.494705
20.68, -1.87663, -0.493456
20.69, -1.8696, -0.492206
20.7, -1.86254, -0.490957
20.71, -1.85544, -0.489706
20.72, -1.84832, -0.488456
20.73, -1.84116, -0.487205
20.74, -1.83398, -0.485954
20.75, -1.82676, -0.484703
20.76, -1.81951, -0.483451
20.77, -1.81223, -0.482199
20.78, -1.80492, -0.480947
20.79, -1.79758, -0.479694
20.8, -1.7902, -0.478441
20.81, -1.7828, -0.477188
20.82, -1.77537, -0.475934
20.83, -1.76791, -0.47468
20.84, -1.76042, -0.473426
20.85, -1.7529, -0.472171
20.86, -1.74535, -0.470916
20.87, -1.73777, -0.469661
20.88, -1.73016, -0.468405
20.89, -1.72252, -0.467149
20.9, -1.71485, -0.465893
20.91, -1.70715, -0.464636
20.92, -1.69943, -0.463379
20.93, -1.69167, -0.462121
20.94, -1.68389, -0.460864
20.95, -1.67608, -0.459606
20.96, -1.66824, -0.458347
20.97, -1.66037, -0.457088
20.98, -1.65247, -0.455829
20.99, -1.64455, -0.45457
21, -1.63659, -0.45331
21.01, -1.62861, -0.45205
21.02, -1.62061, -0.450789
21.03, -1.61257, -0.449529
21.04, -1.60451, -0.448267
21.05, -1.59642, -0.447006
21.06, -1.5883, -0.445744
21.07, -1.58016, -0.444482
21.08, -1.57199, -0.443219
21.09, -1.56379, -0.441956
21.1, -1.55557, -0.440693
21.11, -1.54732, -0.439429
21.12, -1.53904, -0.438165
21.13, -1.53074, -0.436901
21.14, -1.52241, -0.435636
21.15, -1.51406, -0.434371
21.16, -1.50568, -0.433106
21.17, -1.49727, -0.43184
21.18, -1.48884, -0.430574
21.19, -1.48039, -0.429308
21.2, -1.4719, -0.428041
21.21, -1.4634, -0.426774
21.22, -1.45487, -0.425506
21.23, -1.44631, -0.424238
21.24, -1.43773, -0.42297
21.25, -1.42913, -0.421701
21.26, -1.4205, -0.420432
21.27, -1.41184, -0.419163
21.28, -1.40317, -0.417893
21.29, -1.39446, -0.416623
21.3, -1.38574, -0.415353
21.31, -1.37699, -0.414082
21.32, -1.36822, -0.412811
21.33, -1.35942, -0.41154
21.34, -1.3506, -0.410268
21.35, -1.34176, -0.408996
21.36, -1.3329, -0.407723
21.37, -1.32401, -0.40645
21.38, -1.3151, -0.405177
21.39, -1.30617, -0.403903
21.4, -1.29721, -0.402629
21.41, -1.28824, -0.401355
21.42, -1.27924, -0.40008
21.43, -1.27022, -0.398805
21.44, -1.26118, -0.39753
21.45, -1.25211, -0.396254
21.46, -1.24303, -0.394978
21.47, -1.23392, -0.393701
21.48, -1.22479, -0.392424
21.49, -1.21565, -0.391147
21.5, -1.20648, -0.389869
21.51, -1.19729, -0.388591
21.52, -1.18808, -0.387313
21.53, -1.17885, -0.386034
21.54, -1.1696, -0.384755
21.55, -1.16033, -0.383476
21.56, -1.15103, -0.382196
21.57, -1.14172, -0.380916
21.58, -1.1324, -0.379635
21.59, -1.12305, -0.378354
21.6, -1.11368, -0.377073
21.61, -1.10429, -0.375792
21.62, -1.09488, -0.37451
21.63, -1.08546, -0.373227
21.64, -1.07602, -0.371944
21.65, -1.06655, -0.370661
21.66, -1.05707, -0.369378
21.67, -1.04758, -0.368094
21.68, -1.03806, -0.36681
21.69, -1.02853, -0.365525
21.7, -1.01897, -0.36424
21.71, -1.0094, -0.362955
21.72, -0.999818, -0.36167
21.73, -0.990215, -0.360384
21.74, -0.980594, -0.359097
21.75, -0.970957, -0.35781
21.76, -0.961303, -0.356523
21.77, -0.951632, -0.355236
21.78, -0.941945, -0.353948
21.79, -0.932242, -0.35266
21.8, -0.922523, -0.351371
21.81, -0.912788, -0.350083
21.82, -0.903038, -0.348793
21.83, -0.893272, -0.347504
21.84, -0.88349, -0.346214
21.85, -0.873694, -0.344923
21.86, -0.863882, -0.343633
21.87, -0.854056, -0.342342
21.88, -0.844215, -0.34105
21.89, -0.834359, -0.339758
21.9, -0.824489, -0.338466
21.91, -0.814605, -0.337174
21.92, -0.804707, -0.335881
21.93, -0.794794, -0.334588
21.94, -0.784869, -0.333294
21.95, -0.774929, -0.332
21.96, -0.764977, -0.330706
21.97, -0.755011, -0.329411
21.98, -0.745032, -0.328116
21.99, -0.735041, -0.326821
22, -0.725037, -0.325525
22.01, -0.71502, -0.324229
22.02, -0.704991, -0.322933
22.03, -0.69495, -0.321636
22.04, -0.684896, -0.320339
22.05, -0.674831, -0.319041
22.06, -0.664755, -0.317743
22.07, -0.654667, -0.316445
22.08, -0.644567, -0.315146
22.09, -0.634457, -0.313848
22.1, -0.624335, -0.312548
22.11, -0.614203, -0.311249
22.12, -0.60406, -0.309949
22.13, -0.593907, -0.308648
22.14, -0.583744, -0.307348
22.15, -0.57357, -0.306047
22.16, -0.563387, -0.304745
22.17, -0.553193, -0.303444
22.18, -0.542991, -0.302141
22.19, -0.532778, -0.300839
22.2, -0.522557, -0.299536
22.21, -0.512327, -0.298233
22.22, -0.502087, -0.29693
22.23, -0.49184, -0.295626
22.24, -0.481583, -0.294322
22.25, -0.471318, -0.293017
22.26, -0.461045, -0.291712
22.27, -0.450765, -0.290407
22.28, -0.440476, -0.289102
22.29, -0.43018, -0.287796
22.3, -0.419876, -0.28649
22.31, -0.409565, -0.285183
22.32, -0.399247, -0.283876
22.33, -0.388922, -0.282569
22.34, -0.37859, -0.281262
22.35, -0.368252, -0.279954
22.36, -0.357907, -0.278645
22.37, -0.347556, -0.277337
22.38, -0.337199, -0.276028
22.39, -0.326836, -0.274719
22.4, -0.316468, -0.273409
22.41, -0.306094, -0.272099
22.42, -0.295715, -0.270789
22.43, -0.28533, -0.269478
22.44, -0.274941, -0.268168
22.45, -0.264547, -0.266856
22.46, -0.254148, -0.265545
22.47, -0.243745, -0.264233
22.48, -0.233338, -0.262921
22.49, -0.222927, -0.261608
22.5, -0.212511, -0.260295
22.51, -0.202093, -0.258982
22.52, -0.19167, -0.257669
22.53, -0.181244, -0.256355
22.54, -0.170815, -0.255041
22.55, -0.160384, -0.253726
22.56, -0.149949, -0.252411
22.57, -0.139512, -0.251096
22.58, -0.129072, -0.249781
22.59, -0.11863, -0.248465
22.6, -0.108186, -0.247149
22.61, -0.0977402, -0.245832
22.62, -0.0872927, -0.244516
22.63, -0.0768436, -0.243199
22.64, -0.0663931, -0.241881
22.65, -0.0559416, -0.240564
22.66, -0.045489, -0.239246
22.67, -0.0350357, -0.237928
22.68, -0.0245817, -0.236609
22.69, -0.0141273, -0.23529
22.7, -0.00367268, -0.233971
22.71, 0.00678201, -0.232651
22.72, 0.0172366, -0.231332
22.73, 0.0276909, -0.230012
22.74, 0.0381447, -0.228691
22.75, 0.0485978, -0.22737
22.76, 0.0590501, -0.226049
22.77, 0.0695013, -0.224728
22.78, 0.0799514, -0.223406
22.79, 0.0904, -0.222085
22.8, 0.100847, -0.220762
22.81, 0.111292, -0.21944
22.82, 0.121736, -0.218117
22.83, 0.132177, -0.216794
22.84, 0.142616, -0.215471
22.85, 0.153052, -0.214147
22.86, 0.163486, -0.212823
22.87, 0.173917, -0.211499
22.88, 0.184345, -0.210174
22.89, 0.19477, -0.208849
22.9, 0.205191, -0.207524
22.91, 0.215609, -0.206199
22.92, 0.226023, -0.204873
22.93, 0.236432, -0.203547
22.94, 0.246838, -0.202221
22.95, 0.25724, -0.200895
22.96, 0.267637, -0.199568
22.97, 0.278029, -0.198241
22.98, 0.288417, -0.196913
22.99, 0.298799, -0.195586
23, 0.309176, -0.194258
23.01, 0.319548, -0.19293
23.02, 0.329914, -0.191601
23.03, 0.340275, -0.190273
23.04, 0.350629, -0.188944
23.05, 0.360978, -0.187615
23.06, 0.37132, -0.186285
23.07, 0.381655, -0.184955
23.08, 0.391984, -0.183625
23.09, 0.402306, -0.182295
23.1, 0.412621, -0.180964
23.11, 0.422929, -0.179634
23.12, 0.433229, -0.178303
23.13, 0.443522, -0.176971
23.14, 0.453807, -0.17564
23.15, 0.464084, -0.174308
23.16, 0.474352, -0.172976
23.17, 0.484613, -0.171644
23.18, 0.494865, -0.170311
23.19, 0.505108, -0.168978
23.2, 0.515343, -0.167645
23.21, 0.525568, -0.166312
23.22, 0.535784, -0.164978
23.23, 0.545991, -0.163645
23.24, 0.556188, -0.162311
23.25, 0.566376, -0.160976
23.26, 0.576553, -0.159642
23.27, 0.586721, -0.158307
23.28, 0.596878, -0.156972
23.29, 0.607025, -0.155637
23.3, 0.617161, -0.154302
23.31, 0.627286, -0.152966
23.32, 0.6374, -0.15163
23.33, 0.647503, -0.150294
23.34, 0.657594, -0.148958
23.35, 0.667674, -0.147621
23.36, 0.677742, -0.146285
23.37, 0.687799, -0.144948
23.38, 0.697843, -0.14361
23.39, 0.707875, -0.142273
23.4, 0.717894, -0.140935
23.41, 0.727901, -0.139597
23.42, 0.737895, -0.138259
23.43, 0.747876, -0.136921
23.44, 0.757844, -0.135583
23.45, 0.767798, -0.134244
23.46, 0.77774, -0.132905
23.47, 0.787667, -0.131566
23.48, 0.79758, -0.130227
23.49, 0.80748, -0.128887
23.5, 0.817365, -0.127548
23.51, 0.827236, -0.126208
23.52, 0.837092, -0.124868
23.53, 0.846933, -0.123528
23.54, 0.85676, -0.122187
23.55, 0.866571, -0.120846
23.56, 0.876367, -0.119506
23.57, 0.886148, -0.118165
23.58, 0.895913, -0.116823
23.59, 0.905662, -0.115482
23.6, 0.915396, -0.11414
23.61, 0.925113, -0.112799
23.62, 0.934814, -0.111457
23.63, 0.944498, -0.110115
23.64, 0.954166, -0.108773
23.65, 0.963817, -0.10743
23.66, 0.97345, -0.106088
23.67, 0.983067, -0.104745
23.68, 0.992666, -0.103402
23.69, 1.00225, -0.102059
23.7, 1.01181, -0.100715
23.71, 1.02136, -0.0993721
23.72, 1.03089, -0.0980285
23.73, 1.0404, -0.0966848
23.74, 1.04989, -0.0953409
23.75, 1.05936, -0.0939968
23.76, 1.06881, -0.0926526
23.77, 1.07825, -0.0913083
23.78, 1.08767, -0.0899638
23.79, 1.09706, -0.0886192
23.8, 1.10644, -0.0872744
23.81, 1.1158, -0.0859295
23.82, 1.12514, -0.0845845
23.83, 1.13446, -0.0832393
23.84, 1.14375, -0.081894
23.85, 1.15303, -0.0805485
23.86, 1.16229, -0.0792029
23.87, 1.17153, -0.0778572
23.88, 1.18074, -0.0765114
23.89, 1.18994, -0.0751654
23.9, 1.19911, -0.0738193
23.91, 1.20827, -0.0724731
23.92, 1.2174, -0.0711268
23.93, 1.22651, -0.0697803
23.94, 1.2356, -0.0684337
23.95, 1.24466, -0.0670871
23.96, 1.25371, -0.0657403
23.97, 1.26273, -0.0643934
23.98, 1.27173, -0.0630464
23.99, 1.28071, -0.0616993
24, 1.28966, -0.060352
24.01, 1.29859, -0.0590047
24.02, 1.3075, -0.0576573
24.03, 1.31639, -0.0563098
24.04, 1.32525, -0.0549622
24.05, 1.33409, -0.0536145
24.06, 1.3429, -0.0522667
24.07, 1.35169, -0.0509189
24.08, 1.36046, -0.0495709
24.09, 1.3692, -0.0482228
24.1, 1.37792, -0.0468747
24.11, 1.38662, -0.0455265
24.12, 1.39529, -0.0441782
24.13, 1.40393, -0.0428299
24.14, 1.41255, -0.0414814
24.15, 1.42114, -0.0401329
24.16, 1.42971, -0.0387844
24.17, 1.43826, -0.0374357
24.18, 1.44678, -0.036087
24.19, 1.45527, -0.0347383
24.2, 1.46374, -0.0333895
24.21, 1.47218, -0.0320406
24.22, 1.48059, -0.0306916
24.23, 1.48898, -0.0293427
24.24, 1.49734, -0.0279936
24.25, 1.50568, -0.0266445
24.26, 1.51398, -0.0252954
24.27, 1.52227, -0.0239462
24.28, 1.53052, -0.022597
24.29, 1.53875, -0.0212477
24.3, 1.54695, -0.0198985
24.31, 1.55512, -0.0185491
24.32, 1.56326, -0.0171998
24.33, 1.57138, -0.0158504
24.34, 1.57947, -0.0145009
24.35, 1.58753, -0.0131515
24.36, 1.59556, -0.011802
24.37, 1.60357, -0.0104525
24.38, 1.61154, -0.00910304
24.39, 1.61949, -0.00775351
24.4, 1.6274, -0.00640398
24.41, 1.63529, -0.00505443
24.42, 1.64315, -0.00370487
24.43, 1.65098, -0.00235531
24.44, 1.65878, -0.00100574
24.45, 1.66655, 0.000343834
24.46, 1.6743, 0.0016934
24.47, 1.68201, 0.00304297
24.48, 1.68969, 0.00439253
24.49, 1.69734, 0.00574209
24.5, 1.70496, 0.00709163
24.51, 1.71255, 0.00844116
24.52, 1.72011, 0.00979067
24.53, 1.72764, 0.0111402
24.54, 1.73514, 0.0124896
24.55, 1.74261, 0.0138391
24.56, 1.75004, 0.0151885
24.57, 1.75745, 0.0165379
24.58, 1.76482, 0.0178873
24.59, 1.77216, 0.0192366
24.6, 1.77947, 0.020586
24.61, 1.78675, 0.0219352
24.62, 1.794, 0.0232844
24.63, 1.80121, 0.0246336
24.64, 1.8084, 0.0259828
24.65, 1.81555, 0.0273319
24.66, 1.82266, 0.0286809
24.67, 1.82975, 0.0300299
24.68, 1.8368, 0.0313788
24.69, 1.84382, 0.0327277
24.7, 1.85081, 0.0340765
24.71, 1.85776, 0.0354253
24.72, 1.86468, 0.036774
24.73, 1.87157, 0.0381226
24.74, 1.87842, 0.0394711
24.75, 1.88524, 0.0408196
24.76, 1.89202, 0.042168
24.77, 1.89878, 0.0435163
24.78, 1.90549, 0.0448646
24.79, 1.91218, 0.0462127
24.8, 1.91883, 0.0475608
24.81, 1.92544, 0.0489088
24.82, 1.93202, 0.0502567
24.83, 1.93857, 0.0516045
24.84, 1.94508, 0.0529521
24.85, 1.95156, 0.0542997
24.86, 1.958, 0.0556472
24.87, 1.9644, 0.0569946
24.88, 1.97078, 0.0583419
24.89, 1.97711, 0.0596891
24.9, 1.98341, 0.0610361
24.91, 1.98968, 0.0623831
24.92, 1.9959, 0.0637299
24.93, 2.0021, 0.0650766
24.94, 2.00825, 0.0664232
24.95, 2.01438, 0.0677697
24.96, 2.02046, 0.069116
24.97, 2.02651, 0.0704622
24.98, 2.03252, 0.0718082
24.99, 2.0385, 0.0731541
25, 2.04444, 0.0744999
25.01, 2.05034, 0.0758456
25.02, 2.05621, 0.0771911
25.03, 2.06203, 0.0785364
25.04, 2.06783, 0.0798816
25.05, 2.07358, 0.0812266
25.06, 2.0793, 0.0825715
25.07, 2.08498, 0.0839162
25.08, 2.09062, 0.0852608
25.09, 2.09622, 0.0866052
25.1, 2.10179, 0.0879494
25.11, 2.10732, 0.0892934
25.12, 2.11281, 0.0906373
25.13, 2.11827, 0.091981
25.14, 2.12368, 0.0933245
25.15, 2.12906, 0.0946679
25.16, 2.1344, 0.096011
25.17, 2.1397, 0.097354
25.18, 2.14496, 0.0986968
25.19, 2.15018, 0.100039
25.2, 2.15537, 0.101382
25.21, 2.16051, 0.102724
25.22, 2.16562, 0.104066
25.23, 2.17069, 0.105408
25.24, 2.17572, 0.106749
25.25, 2.18071, 0.108091
25.26, 2.18566, 0.109432
25.27, 2.19057, 0.110773
25.28, 2.19544, 0.112113
25.29, 2.20027, 0.113454
25.3, 2.20506, 0.114794
25.31, 2.20981, 0.116134
25.32, 2.21453, 0.117474
25.33, 2.2192, 0.118814
25.34, 2.22383, 0.120153
25.35, 2.22843, 0.121492
25.36, 2.23298, 0.122831
25.37, 2.23749, 0.124169
25.38, 2.24196, 0.125508
25.39, 2.24639, 0.126846
25.4, 2.25078, 0.128184
25.41, 2.25513, 0.129521
25.42, 2.25944, 0.130859
25.43, 2.26371, 0.132196
25.44, 2.26794, 0.133532
25.45, 2.27213, 0.134869
25.46, 2.27627, 0.136205
25.47, 2.28038, 0.137541
25.48, 2.28444, 0.138877
25.49, 2.28846, 0.140212
25.5, 2.29244, 0.141547
25.51, 2.29638, 0.142882
25.52, 2.30028, 0.144217
25.53, 2.30414, 0.145551
25.54, 2.30795, 0.146885
25.55, 2.31173, 0.148219
25.56, 2.31546, 0.149552
25.57, 2.31915, 0.150885
25.58, 2.32279, 0.152218
25.59, 2.3264, 0.15355
25.6, 2.32996, 0.154882
25.61, 2.33348, 0.156214
25.62, 2.33696, 0.157545
25.63, 2.3404, 0.158877
25.64, 2.3438, 0.160207
25.65, 2.34715, 0.161538
25.66, 2.35046, 0.162868
25.67, 2.35372, 0.164198
25.68, 2.35695, 0.165527
25.69, 2.36013, 0.166856
25.7, 2.36327, 0.168185
25.71, 2.36637, 0.169514
25.72, 2.36942, 0.170842
25.73, 2.37243, 0.172169
25.74, 2.3754, 0.173497
25.75, 2.37832, 0.174824
25.76, 2.3812, 0.17615
25.77, 2.38404, 0.177476
25.78, 2.38684, 0.178802
25.79, 2.38959, 0.180128
25.8, 2.3923, 0.181453
25.81, 2.39496, 0.182778
25.82, 2.39758, 0.184102
25.83, 2.40016, 0.185426
25.84, 2.4027, 0.18675
25.85, 2.40519, 0.188073
25.86, 2.40763, 0.189396
25.87, 2.41004, 0.190718
25.88, 2.4124, 0.19204
25.89, 2.41472, 0.193361
25.9, 2.41699, 0.194683
25.91, 2.41922, 0.196003
25.92, 2.4214, 0.197324
25.93, 2.42354, 0.198644
25.94, 2.42564, 0.199963
25.95, 2.42769, 0.201282
25.96, 2.4297, 0.202601
25.97, 2.43166, 0.203919
25.98, 2.43358, 0.205237
25.99, 2.43546, 0.206554
26, 2.43729, 0.207871
26.01, 2.43908, 0.209187
26.02, 2.44082, 0.210503
26.03, 2.44252, 0.211819
26.04, 2.44418, 0.213134
26.05, 2.44579, 0.214448
26.06, 2.44735, 0.215762
26.07, 2.44887, 0.217076
26.08, 2.45035, 0.218389
26.09, 2.45178, 0.219702
26.1, 2.45317, 0.221014
26.11, 2.45451, 0.222326
26.12, 2.45581, 0.223637
26.13, 2.45707, 0.224948
26.14, 2.45827, 0.226258
26.15, 2.45944, 0.227568
26.16, 2.46056, 0.228877
26.17, 2.46163, 0.230186
26.18, 2.46266, 0.231494
26.19, 2.46365, 0.232802
26.2, 2.46459, 0.23411
26.21, 2.46548, 0.235416
26.22, 2.46633, 0.236723
26.23, 2.46714, 0.238028
26.24, 2.4679, 0.239333
26.25, 2.46862, 0.240638
26.26, 2.46929, 0.241942
26.27, 2.46991, 0.243246
26.28, 2.47049, 0.244549
26.29, 2.47103, 0.245852
26.3, 2.47152, 0.247153
26.31, 2.47196, 0.248455
26.32, 2.47236, 0.249756
26.33, 2.47272, 0.251056
26.34, 2.47303, 0.252356
26.35, 2.4733, 0.253655
26.36, 2.47352, 0.254954
26.37, 2.47369, 0.256252
26.38, 2.47382, 0.257549
26.39, 2.4739, 0.258846
26.4, 2.47394, 0.260143
26.41, 2.47394, 0.261438
26.42, 2.47389, 0.262734
26.43, 2.47379, 0.264028
26.44, 2.47365, 0.265322
26.45, 2.47347, 0.266616
26.46, 2.47323, 0.267908
26.47, 2.47296, 0.269201
26.48, 2.47264, 0.270492
26.49, 2.47227, 0.271783
26.5, 2.47186, 0.273074
26.51, 2.4714, 0.274363
26.52, 2.4709, 0.275653
26.53, 2.47035, 0.276941
26.54, 2.46976, 0.278229
26.55, 2.46912, 0.279516
26.56, 2.46844, 0.280803
26.57, 2.46771, 0.282089
26.58, 2.46694, 0.283374
26.59, 2.46612, 0.284659
26.6, 2.46526, 0.285943
26.61, 2.46435, 0.287226
26.62, 2.46339, 0.288509
26.63, 2.4624, 0.289791
26.64, 2.46135, 0.291072
26.65, 2.46026, 0.292353
26.66, 2.45913, 0.293633
26.67, 2.45795, 0.294913
26.68, 2.45673, 0.296191
26.69, 2.45546, 0.297469
26.7, 2.45415, 0.298747
26.71, 2.45279, 0.300023
26.72, 2.45139, 0.301299
26.73, 2.44994, 0.302575
26.74, 2.44845, 0.303849
26.75, 2.44691, 0.305123
26.76, 2.44533, 0.306396
26.77, 2.4437, 0.307669
26.78, 2.44203, 0.308941
26.79, 2.44031, 0.310212
26.8, 2.43855, 0.311482
26.81, 2.43674, 0.312752
26.82, 2.43489, 0.31402
26.83, 2.433, 0.315289
26.84, 2.43106, 0.316556
26.85, 2.42907, 0.317823
26.86, 2.42704, 0.319089
26.87, 2.42497, 0.320354
26.88, 2.42285, 0.321618
26.89, 2.42069, 0.322882
26.9, 2.41848, 0.324145
26.91, 2.41623, 0.325407
26.92, 2.41393, 0.326668
26.93, 2.41159, 0.327929
26.94, 2.40921, 0.329189
26.95, 2.40678, 0.330448
26.96, 2.40431, 0.331706
26.97, 2.40179, 0.332964
26.98, 2.39923, 0.334221
26.99, 2.39663, 0.335477
27, 2.39398, 0.336732
27.01, 2.39129, 0.337986
27.02, 2.38855, 0.33924
27.03, 2.38577, 0.340492
27.04, 2.38295, 0.341744
27.05, 2.38008, 0.342995
27.06, 2.37717, 0.344246
27.07, 2.37421, 0.345495
27.08, 2.37121, 0.346744
27.09, 2.36817, 0.347992
27.1, 2.36508, 0.349239
27.11, 2.36195, 0.350485
27.12, 2.35878, 0.35173
27.13, 2.35556, 0.352975
27.14, 2.3523, 0.354219
27.15, 2.349, 0.355462
27.16, 2.34566, 0.356703
27.17, 2.34227, 0.357945
27.18, 2.33883, 0.359185
27.19, 2.33536, 0.360424
27.2, 2.33184, 0.361663
27.21, 2.32828, 0.362901
27.22, 2.32468, 0.364137
27.23, 2.32103, 0.365373
27.24, 2.31734, 0.366608
27.25, 2.31361, 0.367842
27.26, 2.30983, 0.369076
27.27, 2.30602, 0.370308
27.28, 2.30216, 0.37154
27.29, 2.29825, 0.37277
27.3, 2.29431, 0.374
27.31, 2.29032, 0.375229
27.32, 2.28629, 0.376456
27.33, 2.28222, 0.377683
27.34, 2.27811, 0.378909
27.35, 2.27396, 0.380134
27.36, 2.26976, 0.381359
27.37, 2.26552, 0.382582
27.38, 2.26124, 0.383804
27.39, 2.25692, 0.385026
27.4, 2.25255, 0.386246
27.41, 2.24815, 0.387466
27.42, 2.2437, 0.388684
27.43, 2.23921, 0.389902
27.44, 2.23469, 0.391118
27.45, 2.23011, 0.392334
27.46, 2.2255, 0.393549
27.47, 2.22085, 0.394762
27.48, 2.21616, 0.395975
27.49, 2.21142, 0.397187
27.5, 2.20665, 0.398398
27.51, 2.20183, 0.399608
27.52, 2.19698, 0.400817
27.53, 2.19208, 0.402024
27.54, 2.18714, 0.403231
27.55, 2.18216, 0.404437
27.56, 2.17714, 0.405642
27.57, 2.17209, 0.406846
27.58, 2.16699, 0.408049
27.59, 2.16185, 0.409251
27.6, 2.15667, 0.410451
27.61, 2.15145, 0.411651
27.62, 2.14619, 0.41285
27.63, 2.1409, 0.414048
27.64, 2.13556, 0.415245
27.65, 2.13018, 0.41644
27.66, 2.12477, 0.417635
27.67, 2.11931, 0.418828
27.68, 2.11382, 0.420021
27.69, 2.10828, 0.421213
27.7, 2.10271, 0.422403
27.71, 2.0971, 0.423592
27.72, 2.09145, 0.424781
27.73, 2.08576, 0.425968
27.74, 2.08003, 0.427154
27.75, 2.07427, 0.428339
27.76, 2.06846, 0.429523
27.77, 2.06262, 0.430706
27.78, 2.05674, 0.431888
27.79, 2.05082, 0.433069
27.8, 2.04487, 0.434249
27.81, 2.03887, 0.435427
27.82, 2.03284, 0.436605
27.83, 2.02677, 0.437781
27.84, 2.02066, 0.438957
27.85, 2.01452, 0.440131
27.86, 2.00834, 0.441304
27.87, 2.00212, 0.442476
27.88, 1.99586, 0.443647
27.89, 1.98957, 0.444817
27.9, 1.98324, 0.445985
27.91, 1.97687, 0.447153
27.92, 1.97047, 0.448319
27.93, 1.96403, 0.449484
27.94, 1.95755, 0.450648
27.95, 1.95104, 0.451811
27.96, 1.94449, 0.452973
27.97, 1.9379, 0.454133
27.98, 1.93128, 0.455293
27.99, 1.92463, 0.456451
28, 1.91794, 0.457608
28.01, 1.91121, 0.458764
28.02, 1.90445, 0.459919
28.03, 1.89765, 0.461072
28.04, 1.89081, 0.462225
28.05, 1.88394, 0.463376
28.06, 1.87704, 0.464526
28.07, 1.8701, 0.465674
28.08, 1.86313, 0.466822
28.09, 1.85612, 0.467968
28.1, 1.84908, 0.469114
28.11, 1.842, 0.470258
28.12, 1.83489, 0.4714
28.13, 1.82775, 0.472542
28.14, 1.82057, 0.473682
28.15, 1.81336, 0.474821
28.16, 1.80611, 0.475959
28.17, 1.79883, 0.477096
28.18, 1.79152, 0.478231
28.19, 1.78417, 0.479365
28.2, 1.77679, 0.480498
28.21, 1.76938, 0.48163
28.22, 1.76194, 0.48276
28.23, 1.75446, 0.483889
28.24, 1.74695, 0.485017
28.25, 1.73941, 0.486144
28.26, 1.73183, 0.487269
28.27, 1.72422, 0.488393
28.28, 1.71658, 0.489516
28.29, 1.70891, 0.490638
28.3, 1.70121, 0.491758
28.31, 1.69347, 0.492877
28.32, 1.68571, 0.493995
28.33, 1.67791, 0.495111
28.34, 1.67008, 0.496226
28.35, 1.66222, 0.49734
28.36, 1.65433, 0.498452
28.37, 1.64641, 0.499563
28.38, 1.63846, 0.500673
28.39, 1.63048, 0.501782
28.4, 1.62246, 0.502889
28.41, 1.61442, 0.503995
28.42, 1.60635, 0.505099
28.43, 1.59824, 0.506203
28.44, 1.59011, 0.507304
28.45, 1.58195, 0.508405
28.46, 1.57376, 0.509504
28.47, 1.56553, 0.510602
28.48, 1.55728, 0.511698
28.49, 1.54901, 0.512794
28.5, 1.5407, 0.513887
28.51, 1.53236, 0.51498
28.52, 1.524, 0.516071
28.53, 1.5156, 0.51716
28.54, 1.50718, 0.518249
28.55, 1.49873, 0.519336
28.56, 1.49025, 0.520421
28.57, 1.48175, 0.521505
28.58, 1.47321, 0.522588
28.59, 1.46465, 0.523669
28.6, 1.45606, 0.524749
28.61, 1.44745, 0.525828
28.62, 1.43881, 0.526905
28.63, 1.43014, 0.527981
28.64, 1.42144, 0.529055
28.65, 1.41272, 0.530128
28.66, 1.40397, 0.531199
28.67, 1.3952, 0.532269
28.68, 1.3864, 0.533338
28.69, 1.37757, 0.534405
28.7, 1.36872, 0.535471
28.71, 1.35984, 0.536535
28.72, 1.35094, 0.537598
28.73, 1.34201, 0.53866
28.74, 1.33305, 0.53972
28.75, 1.32408, 0.540778
28.76, 1.31507, 0.541835
28.77, 1.30605, 0.542891
28.78, 1.29699, 0.543945
28.79, 1.28792, 0.544997
28.8, 1.27882, 0.546049
28.81, 1.26969, 0.547098
28.82, 1.26055, 0.548147
28.83, 1.25137, 0.549193
28.84, 1.24218, 0.550238
28.85, 1.23296, 0.551282
28.86, 1.22372, 0.552324
28.87, 1.21446, 0.553365
28.88, 1.20517, 0.554404
28.89, 1.19586, 0.555442
28.9, 1.18653, 0.556478
28.91, 1.17718, 0.557513
28.92, 1.1678, 0.558546
28.93, 1.1584, 0.559578
28.94, 1.14899, 0.560608
28.95, 1.13954, 0.561637
28.96, 1.13008, 0.562664
28.97, 1.1206, 0.563689
28.98, 1.1111, 0.564713
28.99, 1.10157, 0.565735
29, 1.09203, 0.566756
29.01, 1.08246, 0.567776
29.02, 1.07288, 0.568793
29.03, 1.06327, 0.56981
29.04, 1.05364, 0.570824
29.05, 1.044, 0.571837
29.06, 1.03433, 0.572849
29.07, 1.02465, 0.573859
29.08, 1.01494, 0.574867
29.09, 1.00522, 0.575874
29.1, 0.995481, 0.576879
29.11, 0.985721, 0.577882
29.12, 0.975942, 0.578884
29.13, 0.966146, 0.579885
29.14, 0.956331, 0.580883
29.15, 0.946498, 0.58188
29.16, 0.936648, 0.582876
29.17, 0.92678, 0.58387
29.18, 0.916894, 0.584862
29.19, 0.906992, 0.585853
29.2, 0.897072, 0.586842
29.21, 0.887136, 0.587829
29.22, 0.877183, 0.588815
29.23, 0.867213, 0.589799
29.24, 0.857228, 0.590782
29.25, 0.847226, 0.591762
29.26, 0.837208, 0.592742
29.27, 0.827175, 0.593719
29.28, 0.817126, 0.594695
29.29, 0.807062, 0.595669
29.3, 0.796983, 0.596642
29.31, 0.786889, 0.597613
29.32, 0.77678, 0.598582
29.33, 0.766656, 0.599549
29.34, 0.756518, 0.600515
29.35, 0.746366, 0.601479
29.36, 0.7362, 0.602442
29.37, 0.72602, 0.603403
29.38, 0.715827, 0.604362
29.39, 0.70562, 0.605319
29.4, 0.6954, 0.606275
29.41, 0.685166, 0.607229
29.42, 0.67492, 0.608181
29.43, 0.664662, 0.609132
29.44, 0.65439, 0.610081
29.45, 0.644107, 0.611028
29.46, 0.633811, 0.611973
29.47, 0.623504, 0.612917
29.48, 0.613184, 0.613859
29.49, 0.602854, 0.614799
29.5, 0.592512, 0.615737
29.51, 0.582158, 0.616674
29.52, 0.571794, 0.617609
29.53, 0.561419, 0.618542
29.54, 0.551034, 0.619474
29.55, 0.540638, 0.620404
29.56, 0.530232, 0.621332
29.57, 0.519816, 0.622258
29.58, 0.509391, 0.623182
29.59, 0.498956, 0.624105
29.6, 0.488511, 0.625026
29.61, 0.478057, 0.625945
29.62, 0.467594, 0.626862
29.63, 0.457123, 0.627778
29.64, 0.446643, 0.628691
29.65, 0.436154, 0.629603
29.66, 0.425657, 0.630513
29.67, 0.415153, 0.631422
29.68, 0.40464, 0.632328
29.69, 0.39412, 0.633233
29.7, 0.383592, 0.634136
29.71, 0.373057, 0.635037
29.72, 0.362516, 0.635936
29.73, 0.351967, 0.636834
29.74, 0.341412, 0.637729
29.75, 0.33085, 0.638623
29.76, 0.320282, 0.639515
29.77, 0.309708, 0.640405
29.78, 0.299128, 0.641293
29.79, 0.288543, 0.64218
29.8, 0.277952, 0.643064
29.81, 0.267356, 0.643947
29.82, 0.256755, 0.644828
29.83, 0.246149, 0.645707
29.84, 0.235538, 0.646584
29.85, 0.224923, 0.64746
29.86, 0.214304, 0.648333
29.87, 0.203681, 0.649204
29.88, 0.193054, 0.650074
29.89, 0.182423, 0.650942
29.9, 0.171789, 0.651808
29.91, 0.161151, 0.652672
29.92, 0.150511, 0.653534
29.93, 0.139868, 0.654394
29.94, 0.129222, 0.655252
29.95, 0.118573, 0.656109
29.96, 0.107923, 0.656963
29.97, 0.0972699, 0.657816
29.98, 0.0866155, 0.658667
29.99, 0.0759593, 0.659515
